id,track,speed,correctspeed
DA_N2_BL21,1,18.80455176254886,188.04551762548863
DA_N2_BL21,1,12.884858982927636,128.84858982927636
DA_N2_BL21,1,11.184152690568808,111.84152690568808
DA_N2_BL21,1,13.315000582658962,133.15000582658962
DA_N2_BL21,1,7.251204136541446,72.51204136541446
DA_N2_BL21,1,9.404084746628351,94.04084746628351
DA_N2_BL21,1,6.000719305686197,60.00719305686197
DA_N2_BL21,1,5.76736682341563,57.673668234156295
DA_N2_BL21,1,9.249430755485204,92.49430755485204
DA_N2_BL21,1,6.732887138706497,67.32887138706496
DA_N2_BL21,1,3.7681978857907303,37.6819788579073
DA_N2_BL21,2,16.53299012193994,165.3299012193994
DA_N2_BL21,2,19.879739765270905,198.79739765270904
DA_N2_BL21,2,15.781682915673297,157.81682915673298
DA_N2_BL21,2,11.244889973922858,112.44889973922858
DA_N2_BL21,2,14.606731196324052,146.0673119632405
DA_N2_BL21,2,17.36252400386785,173.6252400386785
DA_N2_BL21,2,9.205269592303788,92.05269592303787
DA_N2_BL21,2,10.071098899195837,100.71098899195837
DA_N2_BL21,2,12.356165171205442,123.56165171205441
DA_N2_BL21,2,15.63745152655066,156.3745152655066
DA_N2_BL21,2,18.478769280685025,184.78769280685026
DA_N2_BL21,3,8.728054891413896,87.28054891413896
DA_N2_BL21,3,9.118080766554522,91.18080766554522
DA_N2_BL21,3,10.52865841107281,105.2865841107281
DA_N2_BL21,3,8.385126215803584,83.85126215803584
DA_N2_BL21,3,11.485210189796883,114.85210189796882
DA_N2_BL21,3,9.125147525516361,91.25147525516361
DA_N2_BL21,3,5.933948011098709,59.33948011098708
DA_N2_BL21,3,5.897999188656781,58.97999188656782
DA_N2_BL21,3,6.223047279150813,62.23047279150813
DA_N2_BL21,3,10.071744915742869,100.71744915742869
DA_N2_BL21,3,12.81749451500993,128.1749451500993
DA_N2_BL21,4,26.233872617806487,262.33872617806486
DA_N2_BL21,4,25.885924921266753,258.8592492126675
DA_N2_BL21,4,20.20295977494262,202.02959774942622
DA_N2_BL21,5,27.482683307142075,274.82683307142077
DA_N2_BL21,5,23.073731145133372,230.7373114513337
DA_N2_BL21,6,5.6892395365668325,56.89239536566832
DA_N2_BL21,6,3.3178093525054657,33.178093525054656
DA_N2_BL21,6,5.495430924809324,54.95430924809324
DA_N2_BL21,6,5.103560292957449,51.035602929574495
DA_N2_BL21,6,4.308229231432325,43.08229231432325
DA_N2_BL21,6,7.517884294719354,75.17884294719354
DA_N2_BL21,6,7.146911795386994,71.46911795386994
DA_N2_BL21,6,6.852852335483016,68.52852335483016
DA_N2_BL21,6,11.463278437401502,114.63278437401502
DA_N2_BL21,6,5.66847592237629,56.684759223762896
DA_N2_BL21,6,6.487319292833023,64.87319292833023
DA_N2_BL21,7,4.562236608490112,45.62236608490112
DA_N2_BL21,7,4.554362061188942,45.54362061188942
DA_N2_BL21,7,9.947481266779665,99.47481266779664
DA_N2_BL21,7,8.196344644348056,81.96344644348056
DA_N2_BL21,7,6.122678231097462,61.22678231097461
DA_N2_BL21,7,7.130422310655644,71.30422310655644
DA_N2_BL21,7,6.236426939974554,62.36426939974554
DA_N2_BL21,7,6.015181901431754,60.15181901431754
DA_N2_BL21,7,8.493586414845627,84.93586414845626
DA_N2_BL21,7,9.463521051282902,94.63521051282902
DA_N2_BL21,7,11.183918411810359,111.83918411810359
DA_N2_BL21,8,7.356118779734167,73.56118779734167
DA_N2_BL21,8,10.056158351900788,100.56158351900788
DA_N2_BL21,9,10.276562911185373,102.76562911185373
DA_N2_BL21,9,8.177783922498133,81.77783922498134
DA_N2_BL21,9,8.87545779181583,88.7545779181583
DA_N2_BL21,9,8.5818443163346,85.81844316334599
DA_N2_BL21,9,6.726259075752824,67.26259075752824
DA_N2_BL21,9,9.870509121679024,98.70509121679024
DA_N2_BL21,9,12.915633427958706,129.15633427958707
DA_N2_BL21,10,10.347983566496847,103.47983566496848
DA_N2_BL21,10,11.052513453508118,110.52513453508118
DA_N2_BL21,10,12.332737451556067,123.32737451556068
DA_N2_BL21,10,13.825234717671282,138.25234717671282
DA_N2_BL21,10,12.071690025823909,120.7169002582391
DA_N2_BL21,10,9.461269965995742,94.61269965995741
DA_N2_BL21,10,8.02860875941455,80.2860875941455
DA_N2_BL21,10,8.923040876158954,89.23040876158953
DA_N2_BL21,10,5.82592234243352,58.259223424335204
DA_N2_BL21,10,10.880006385191509,108.80006385191508
DA_N2_BL21,10,5.338147445667387,53.38147445667387
DA_N2_BL21,11,13.045403123393106,130.45403123393106
DA_N2_BL21,11,6.402573712147101,64.02573712147101
DA_N2_BL21,11,13.832151953623855,138.32151953623855
DA_N2_BL21,11,7.833108954856391,78.33108954856391
DA_N2_BL21,11,8.466831487945818,84.66831487945818
DA_N2_BL21,11,6.296178127220847,62.96178127220847
DA_N2_BL21,11,11.039033419014164,110.39033419014163
DA_N2_BL21,11,11.2584238754792,112.58423875479201
DA_N2_BL21,12,9.493960297877889,94.9396029787789
DA_N2_BL21,12,7.517742595893421,75.17742595893421
DA_N2_BL21,12,6.439223167523409,64.39223167523409
DA_N2_NGM,1,35.070691442293835,350.7069144229383
DA_N2_NGM,1,31.680008750885463,316.80008750885463
DA_N2_NGM,1,28.51093812103461,285.1093812103461
DA_N2_NGM,2,28.586986556638443,285.8698655663844
DA_N2_NGM,2,24.966635939999836,249.66635939999836
DA_N2_NGM,2,26.630051522241768,266.3005152224177
DA_N2_NGM,2,22.954441848875895,229.54441848875894
DA_N2_NGM,2,29.4721399222229,294.721399222229
DA_N2_NGM,2,25.544890427096124,255.44890427096124
DA_N2_NGM,3,22.648517623032994,226.48517623032996
DA_N2_NGM,4,30.853839119396667,308.5383911939667
DA_N2_NGM,4,32.96873494628384,329.68734946283837
DA_N2_NGM,4,24.688189385740024,246.88189385740026
DA_N2_NGM,5,23.178440559837707,231.78440559837708
DA_N2_NGM,5,22.466642195605587,224.66642195605587
DA_N2_NGM,5,23.16472947086734,231.6472947086734
DA_N2_NGM,5,29.094014615052508,290.9401461505251
DA_N2_NGM,5,37.159964197054805,371.5996419705481
DA_N2_NGM,5,25.386683335875958,253.86683335875958
DA_N2_NGM,5,23.714344591235598,237.143445912356
DA_N2_NGM,5,28.533536917750848,285.3353691775085
DA_N2_NGM,5,32.112844642809705,321.12844642809705
DA_N2_NGM,5,32.0028812361447,320.028812361447
DA_N2_NGM,5,29.521460189751927,295.2146018975193
DA_N2_NGM,6,28.470098083039005,284.70098083039005
DA_N2_NGM,6,30.848491356817522,308.4849135681752
DA_N2_NGM,6,27.010082774070344,270.10082774070344
DA_N2_NGM,6,27.212751357630697,272.12751357630697
DA_N2_NGM,6,20.554376886132054,205.54376886132053
DA_N2_NGM,6,26.71217131917519,267.1217131917519
DA_N2_NGM,6,20.098697279587917,200.98697279587918
DA_N2_NGM,6,22.773506572268293,227.73506572268292
DA_N2_NGM,6,29.254634497068764,292.54634497068764
DA_N2_NGM,6,25.433385437774486,254.33385437774487
DA_N2_NGM,6,27.344344149866068,273.44344149866066
DA_N2_NGM,8,23.478686305066816,234.78686305066816
DA_N2_NGM,8,28.241658206834767,282.4165820683477
DA_N2_NGM,8,32.72402003010073,327.24020030100735
DA_N2_NGM,8,28.723389195906645,287.23389195906645
DA_N2_NGM,8,34.63120838205002,346.3120838205002
DA_N2_NGM,9,26.911081220554916,269.11081220554917
DA_N2_NGM,9,27.020348518331964,270.20348518331963
DA_N2_NGM,9,24.573258288592587,245.73258288592586
DA_N2_NGM,9,23.847125718513546,238.47125718513547
DA_N2_NGM,9,19.004653332754877,190.0465333275488
DA_N2_NGM,9,29.409779381080455,294.09779381080455
DA_N2_NGM,10,24.732968100932187,247.32968100932186
DA_N2_NGM,10,13.82559019978844,138.2559019978844
DA_N2_NGM,10,20.786083265284056,207.86083265284054
DA_N2_NGM,10,25.014458273262242,250.14458273262244
DA_N2_NGM,10,20.363400885111293,203.63400885111292
DA_N2_NGM,10,12.471913295631213,124.71913295631212
DA_N2_NGM,10,12.481207616800443,124.81207616800444
DA_N2_NGM,10,19.21217743812134,192.1217743812134
DA_N2_NGM,10,20.98980456617851,209.8980456617851
DA_N2_NGM,11,21.273969983427303,212.73969983427304
DA_N2_NGM,11,23.239205317092104,232.39205317092103
DA_N2_NGM,11,17.5024068787752,175.02406878775201
DA_N2_NGM,12,16.426380534709068,164.26380534709068
DA_N2_NGM,12,20.750332029119566,207.50332029119565
DA_N2_NGM,12,19.77559854149306,197.7559854149306
DA_N2_NGM,13,31.901498278125292,319.0149827812529
DA_N2_NGM,13,26.953722199912193,269.5372219991219
DA_N2_NGM,13,25.26434925722616,252.6434925722616
DA_N2_NGM,13,29.462042078780023,294.62042078780024
DA_N2_NGM,13,16.242101887081855,162.42101887081856
DA_N2_NGM,13,16.35441698965463,163.5441698965463
DA_N2_NGM,13,21.45260037202727,214.52600372027268
DA_N2_NGM,13,19.297419758552632,192.97419758552633
DA_N2_NGM,13,19.63888378329857,196.3888378329857
DA_N2_NGM,13,21.26289816826017,212.62898168260168
DA_N2_NGM,13,16.69025239918849,166.90252399188492
DA_N2_NGM,14,27.549303970454368,275.49303970454366
DA_N2_NGM,14,18.27570449323118,182.75704493231183
DA_N2_NGM,14,23.215199715477375,232.15199715477377
DA_N2_NGM,14,21.38717749115343,213.87177491153432
DA_N2_NGM,14,31.387028715230336,313.8702871523034
DA_N2_NGM,14,24.225421394819797,242.25421394819796
DA_CB_BL21,1,7.494465433982124,74.94465433982124
DA_CB_BL21,1,14.461390563784278,144.61390563784278
DA_CB_BL21,1,12.123496915719459,121.23496915719458
DA_CB_BL21,1,19.62242956811638,196.22429568116382
DA_CB_BL21,1,14.542416564872246,145.42416564872246
DA_CB_BL21,1,6.861621419975829,68.61621419975829
DA_CB_BL21,1,12.184938275247571,121.84938275247572
DA_CB_BL21,1,9.77989178297933,97.79891782979331
DA_CB_BL21,1,9.832191620006235,98.32191620006235
DA_CB_BL21,1,7.9916126652551895,79.9161266525519
DA_CB_BL21,1,8.843234131647902,88.43234131647903
DA_CB_BL21,2,24.195472737288767,241.95472737288767
DA_CB_BL21,2,23.042438044623005,230.42438044623003
DA_CB_BL21,3,13.516290768713901,135.162907687139
DA_CB_BL21,3,12.50010114103205,125.0010114103205
DA_CB_BL21,3,17.079850487707983,170.79850487707984
DA_CB_BL21,3,7.6265654578108,76.265654578108
DA_CB_BL21,3,7.266606103548969,72.66606103548969
DA_CB_BL21,3,13.236505962566323,132.36505962566324
DA_CB_BL21,3,8.052256819349532,80.52256819349532
DA_CB_BL21,3,8.869509992149625,88.69509992149625
DA_CB_BL21,3,11.210813044013642,112.10813044013642
DA_CB_BL21,3,11.979380643178208,119.79380643178209
DA_CB_BL21,3,12.944217747667807,129.44217747667807
DA_CB_BL21,4,26.4630274574706,264.630274574706
DA_CB_BL21,4,27.924984039818746,279.2498403981875
DA_CB_BL21,4,27.843355499220063,278.43355499220064
DA_CB_BL21,4,24.258753644205544,242.58753644205544
DA_CB_BL21,4,25.09716913825403,250.9716913825403
DA_CB_BL21,5,14.01501495279354,140.1501495279354
DA_CB_BL21,5,13.978211051559256,139.78211051559256
DA_CB_BL21,5,19.55249252383782,195.52492523837822
DA_CB_BL21,5,13.722057581564872,137.22057581564871
DA_CB_BL21,5,18.471082548867013,184.71082548867014
DA_CB_BL21,5,11.817926282915314,118.17926282915315
DA_CB_BL21,5,14.034893308868181,140.3489330886818
DA_CB_BL21,5,15.088106507173588,150.8810650717359
DA_CB_BL21,5,11.143601174508659,111.43601174508659
DA_CB_BL21,5,4.633191761815764,46.33191761815765
DA_CB_BL21,5,11.321247177061199,113.21247177061198
DA_CB_BL21,7,14.628417398317236,146.28417398317237
DA_CB_BL21,7,16.541427866504876,165.41427866504876
DA_CB_BL21,7,13.382027498428661,133.8202749842866
DA_CB_BL21,7,13.002664709236916,130.02664709236916
DA_CB_BL21,8,10.780770532854019,107.8077053285402
DA_CB_BL21,8,10.254559725294678,102.54559725294678
DA_CB_BL21,8,12.656701734714721,126.56701734714721
DA_CB_BL21,8,9.782022778546297,97.82022778546298
DA_CB_BL21,8,13.664138521411122,136.6413852141112
DA_CB_BL21,8,12.11091916238233,121.1091916238233
DA_CB_BL21,8,11.245898584435478,112.45898584435479
DA_CB_BL21,8,7.407874637803308,74.07874637803307
DA_CB_BL21,8,8.565840010500485,85.65840010500486
DA_CB_BL21,8,5.160311740879325,51.60311740879325
DA_CB_BL21,9,12.366231897117151,123.66231897117152
DA_CB_BL21,9,9.715573904022182,97.15573904022182
DA_CB_BL21,9,12.964132381382706,129.64132381382706
DA_CB_BL21,9,10.092279531791792,100.92279531791792
DA_CB_BL21,9,15.493462586507082,154.9346258650708
DA_CB_BL21,9,10.206233780326002,102.06233780326002
DA_CB_BL21,9,11.919173519897555,119.19173519897555
DA_CB_BL21,9,14.41376746273001,144.1376746273001
DA_CB_BL21,9,8.782698553313136,87.82698553313136
DA_CB_BL21,9,9.389398881882007,93.89398881882008
DA_CB_BL21,9,10.238849110955902,102.38849110955903
DA_CB_BL21,10,7.468115868092184,74.68115868092184
DA_CB_BL21,10,8.865166473733634,88.65166473733635
DA_CB_BL21,10,13.985712650385011,139.8571265038501
DA_CB_BL21,10,12.306344908032099,123.06344908032099
DA_CB_BL21,10,13.591921574070572,135.9192157407057
DA_CB_BL21,10,7.905911418881987,79.05911418881986
DA_CB_BL21,10,8.156962038131915,81.56962038131915
DA_CB_BL21,10,15.362811219878548,153.6281121987855
DA_CB_BL21,10,8.748214188495753,87.48214188495753
DA_CB_BL21,10,10.20198884631273,102.0198884631273
DA_CB_BL21,10,10.285578591612966,102.85578591612966
DA_CB_BL21,12,19.686231114757295,196.86231114757294
DA_CB_BL21,12,9.893282387429563,98.93282387429564
DA_CB_BL21,12,12.09034517675374,120.9034517675374
DA_CB_BL21,12,11.70299192351764,117.02991923517641
DA_CB_BL21,12,9.91346909996835,99.1346909996835
DA_CB_BL21,12,9.883066851171225,98.83066851171225
DA_CB_BL21,12,6.602695397381543,66.02695397381544
DA_CB_BL21,12,5.569078938414464,55.69078938414464
DA_CB_BL21,12,6.847868838652369,68.47868838652369
DA_CB_BL21,12,8.188059566383567,81.88059566383566
DA_CB_BL21,12,11.27394845306619,112.7394845306619
DA_CB_BL21,13,10.431931370107472,104.31931370107472
DA_CB_NGM,1,28.451037337076677,284.5103733707668
DA_CB_NGM,2,27.19537358734628,271.9537358734628
DA_CB_NGM,2,27.1460393957831,271.460393957831
DA_CB_NGM,2,26.083900186266202,260.83900186266203
DA_CB_NGM,2,25.011640620034726,250.11640620034726
DA_CB_NGM,2,24.253552517274365,242.53552517274363
DA_CB_NGM,2,26.405114050176117,264.05114050176115
DA_CB_NGM,2,25.693126440104123,256.93126440104123
DA_CB_NGM,2,21.321853827330095,213.21853827330096
DA_CB_NGM,2,24.010912381158356,240.10912381158357
DA_CB_NGM,2,23.13737961502664,231.3737961502664
DA_CB_NGM,2,25.682569664873636,256.82569664873637
DA_CB_NGM,3,24.046671502253787,240.46671502253787
DA_CB_NGM,3,25.347508288668887,253.47508288668888
DA_CB_NGM,3,28.023358476434503,280.23358476434504
DA_CB_NGM,3,25.619650897082998,256.19650897083
DA_CB_NGM,3,26.046667629171953,260.4666762917195
DA_CB_NGM,3,29.684566057510505,296.84566057510506
DA_CB_NGM,3,23.0129159799533,230.129159799533
DA_CB_NGM,3,29.184583555687993,291.84583555687993
DA_CB_NGM,3,26.412565710601164,264.12565710601166
DA_CB_NGM,3,28.318416036524177,283.1841603652418
DA_CB_NGM,3,28.978319871268333,289.7831987126833
DA_CB_NGM,4,25.869221750050837,258.6922175005084
DA_CB_NGM,4,26.246586127967912,262.46586127967913
DA_CB_NGM,4,24.709109061176406,247.09109061176406
DA_CB_NGM,4,27.551434275798357,275.51434275798357
DA_CB_NGM,4,17.605698238180263,176.05698238180264
DA_CB_NGM,4,22.65278027859703,226.52780278597032
DA_CB_NGM,4,25.66346671424127,256.6346671424127
DA_CB_NGM,4,23.55348758671976,235.53487586719763
DA_CB_NGM,5,29.767071427351947,297.6707142735195
DA_CB_NGM,5,44.68561385043413,446.8561385043413
DA_CB_NGM,5,22.796974425302675,227.96974425302676
DA_CB_NGM,5,20.171315518338773,201.71315518338773
DA_CB_NGM,5,27.440869665734418,274.4086966573442
DA_CB_NGM,5,23.970868629238254,239.70868629238254
DA_CB_NGM,5,28.59849557747708,285.9849557747708
DA_CB_NGM,5,24.057274284721508,240.57274284721507
DA_CB_NGM,5,27.609197227445065,276.09197227445065
DA_CB_NGM,5,22.838874630246018,228.38874630246016
DA_CB_NGM,5,24.41208521799154,244.1208521799154
DA_CB_NGM,6,27.672448665125778,276.7244866512578
DA_CB_NGM,6,20.25898904991893,202.58989049918932
DA_CB_NGM,6,18.439767928580217,184.39767928580216
DA_CB_NGM,6,17.121206757176342,171.2120675717634
DA_CB_NGM,6,21.08301136807487,210.8301136807487
DA_CB_NGM,6,19.21560102399182,192.1560102399182
DA_CB_NGM,6,36.35965118656374,363.59651186563735
DA_CB_NGM,6,28.47658936703266,284.7658936703266
DA_CB_NGM,6,28.632377845459786,286.32377845459786
DA_CB_NGM,6,26.934001580348717,269.3400158034872
DA_CB_NGM,6,23.92801752853532,239.2801752853532
DA_CB_NGM,7,20.78029620937935,207.8029620937935
DA_CB_NGM,7,22.023986817762438,220.23986817762437
DA_CB_NGM,8,16.784474328420817,167.84474328420816
DA_CB_NGM,8,22.740099714698598,227.400997146986
DA_CB_NGM,8,20.166697495984746,201.66697495984747
DA_CB_NGM,8,19.220765036843243,192.20765036843244
DA_CB_NGM,8,22.611888918906086,226.11888918906087
DA_CB_NGM,8,26.892649713762193,268.92649713762194
DA_CB_NGM,8,28.41624555074022,284.1624555074022
DA_CB_NGM,8,25.752093598760894,257.52093598760894
DA_CB_NGM,8,24.1641191270379,241.641191270379
DA_CB_NGM,8,27.536201947065013,275.3620194706501
DA_CB_NGM,8,27.415268008768216,274.15268008768214
DA_CB_NGM,9,21.695135924615798,216.95135924615798
DA_CB_NGM,9,36.989073431761256,369.89073431761256
DA_CB_NGM,9,28.610723247535656,286.10723247535657
DA_CB_NGM,9,26.547959294730664,265.4795929473066
DA_CB_NGM,9,30.00200921126126,300.0200921126126
DA_CB_NGM,9,28.00115796199473,280.01157961994727
DA_CB_NGM,9,21.677976711331244,216.77976711331243
DA_CB_NGM,9,28.649532962286678,286.4953296228668
DA_CB_NGM,10,16.878093461778096,168.78093461778096
DA_CB_NGM,10,28.487779446718452,284.8777944671845
DA_CB_NGM,10,35.74846816363512,357.4846816363512
DA_CB_NGM,10,24.276748001939815,242.76748001939814
DA_CB_NGM,10,18.832773440487983,188.32773440487983
DA_CB_NGM,10,24.033056524897383,240.3305652489738
DA_CB_NGM,10,17.607750103682207,176.07750103682207
DA_CB_NGM,10,14.668366808436101,146.68366808436102
DA_CB_NGM,10,11.240825788039242,112.40825788039243
DA_CB_NGM,10,15.314419097856973,153.14419097856972
DA_CB_NGM,10,29.404467818379953,294.04467818379953
DA_CB_NGM,11,26.524436179781503,265.24436179781503
DA_CB_NGM,11,21.745981751519082,217.45981751519082
DA_CB_NGM,11,22.863201449723,228.63201449723
DA_CB_NGM,11,28.717109346888275,287.17109346888276
DA_CB_NGM,11,29.422092574668426,294.22092574668426
DA_CB_NGM,11,21.593840678671132,215.9384067867113
DA_CB_NGM,11,27.241285357180676,272.41285357180675
DA_CB_NGM,11,26.848996769300193,268.4899676930019
DA_CB_NGM,11,17.39708713251424,173.9708713251424
DA_CB_NGM,11,21.619016814948473,216.19016814948475
DA_CB_NGM,11,22.458827252303628,224.58827252303627
DA_CB_NGM,12,21.84839208247661,218.4839208247661
DA_CB_NGM,12,20.729102248697753,207.29102248697754
DA_CB_NGM,12,19.109694662485406,191.09694662485407
DA_CB_NGM,12,18.556916632047283,185.56916632047285
DA_MT_BL21,1,26.803347627019132,268.03347627019133
DA_MT_BL21,1,21.097653627794426,210.97653627794426
DA_MT_BL21,1,18.922938277364512,189.2293827736451
DA_MT_BL21,1,18.78901142480456,187.8901142480456
DA_MT_BL21,1,16.149216046239623,161.4921604623962
DA_MT_BL21,1,23.936431114261516,239.36431114261518
DA_MT_BL21,1,26.190050110093456,261.90050110093455
DA_MT_BL21,1,12.984274786201123,129.84274786201124
DA_MT_BL21,1,17.170245968945977,171.70245968945977
DA_MT_BL21,1,10.2305141175909,102.305141175909
DA_MT_BL21,1,10.34263285504613,103.4263285504613
DA_MT_BL21,2,5.131722801406781,51.31722801406781
DA_MT_BL21,2,15.577202564657146,155.77202564657145
DA_MT_BL21,2,13.483400382669581,134.8340038266958
DA_MT_BL21,2,10.094648799358596,100.94648799358596
DA_MT_BL21,2,9.54759853429062,95.4759853429062
DA_MT_BL21,2,10.524513000873426,105.24513000873426
DA_MT_BL21,2,10.255067231403883,102.55067231403883
DA_MT_BL21,2,4.34171805677933,43.417180567793295
DA_MT_BL21,2,8.470802781680373,84.70802781680374
DA_MT_BL21,2,7.635900477941125,76.35900477941125
DA_MT_BL21,2,10.470867723059634,104.70867723059634
DA_MT_BL21,3,5.964677670266344,59.64677670266344
DA_MT_BL21,3,7.215819261772905,72.15819261772906
DA_MT_BL21,3,12.212101897845313,122.12101897845314
DA_MT_BL21,3,13.033128618974349,130.33128618974348
DA_MT_BL21,3,9.629140530700301,96.291405307003
DA_MT_BL21,3,8.982485499181246,89.82485499181246
DA_MT_BL21,3,10.403642496663542,104.03642496663542
DA_MT_BL21,3,14.079219855214244,140.79219855214245
DA_MT_BL21,3,10.847171236032173,108.47171236032173
DA_MT_BL21,3,8.193140808453366,81.93140808453366
DA_MT_BL21,3,13.537423930705398,135.37423930705398
DA_MT_BL21,4,14.788963139130521,147.88963139130522
DA_MT_BL21,4,12.417100435990081,124.1710043599008
DA_MT_BL21,4,10.48199897051805,104.8199897051805
DA_MT_BL21,4,10.733405043185009,107.33405043185009
DA_MT_BL21,4,14.79810993667705,147.9810993667705
DA_MT_BL21,4,8.832057001417152,88.32057001417152
DA_MT_BL21,4,7.893258794607442,78.93258794607442
DA_MT_BL21,4,11.830082449468765,118.30082449468765
DA_MT_BL21,4,7.256934278099385,72.56934278099385
DA_MT_BL21,4,12.264220014838214,122.64220014838214
DA_MT_BL21,4,9.257714579825308,92.57714579825307
DA_MT_BL21,5,10.698327232267673,106.98327232267673
DA_MT_BL21,6,9.30820017302559,93.0820017302559
DA_MT_BL21,6,15.109547602210466,151.09547602210466
DA_MT_BL21,6,13.054488701541388,130.54488701541388
DA_MT_BL21,6,13.219871625169116,132.19871625169117
DA_MT_BL21,6,13.206432837590262,132.06432837590262
DA_MT_BL21,6,11.700108469665192,117.00108469665193
DA_MT_BL21,6,10.617696107583651,106.17696107583652
DA_MT_BL21,6,10.24424395964855,102.4424395964855
DA_MT_BL21,6,18.774832777915545,187.74832777915546
DA_MT_BL21,7,11.22542776571657,112.25427765716572
DA_MT_BL21,7,10.315512939879069,103.15512939879069
DA_MT_BL21,7,7.279606986273822,72.79606986273822
DA_MT_BL21,7,8.142703645689869,81.42703645689869
DA_MT_BL21,7,8.666038543230785,86.66038543230785
DA_MT_BL21,7,10.080162652580778,100.80162652580779
DA_MT_BL21,7,7.601647074294171,76.0164707429417
DA_MT_BL21,7,9.473221805696861,94.7322180569686
DA_MT_BL21,7,7.509089777781694,75.09089777781693
DA_MT_BL21,7,6.000644721310574,60.006447213105744
DA_MT_BL21,7,4.0143968676691,40.143968676690996
DA_MT_BL21,8,18.644333129839403,186.443331298394
DA_MT_BL21,8,14.902921863604075,149.02921863604075
DA_MT_BL21,8,16.814926215805382,168.14926215805383
DA_MT_BL21,8,19.011485405260924,190.11485405260925
DA_MT_BL21,8,19.121054182325402,191.210541823254
DA_MT_BL21,8,21.53554293645586,215.35542936455863
DA_MT_BL21,8,19.304513971904992,193.04513971904993
DA_MT_BL21,8,13.392564198244875,133.92564198244875
DA_MT_BL21,8,18.911336113366904,189.11336113366903
DA_MT_BL21,9,14.650672839784585,146.50672839784585
DA_MT_BL21,9,15.169398422382269,151.6939842238227
DA_MT_BL21,10,8.084701140602458,80.84701140602459
DA_MT_BL21,10,7.8978806486519435,78.97880648651943
DA_MT_BL21,10,8.106893522061917,81.06893522061917
DA_MT_BL21,10,5.190747304398291,51.907473043982904
DA_MT_BL21,10,6.53963393282554,65.3963393282554
DA_MT_BL21,10,8.594495644676805,85.94495644676805
DA_MT_BL21,10,14.361437452003162,143.61437452003162
DA_MT_BL21,10,6.744329998488067,67.44329998488067
DA_MT_BL21,10,7.412797302520721,74.12797302520721
DA_MT_BL21,10,4.11481976563697,41.148197656369696
DA_MT_BL21,10,4.78098402276075,47.809840227607495
DA_MT_BL21,11,5.743486326401762,57.43486326401762
DA_MT_BL21,11,16.871978420747325,168.71978420747325
DA_MT_BL21,11,6.599338431700782,65.99338431700782
DA_MT_BL21,11,7.98411539780588,79.8411539780588
DA_MT_BL21,11,6.115461132994437,61.154611329944366
DA_MT_BL21,11,5.734086365446987,57.34086365446987
DA_MT_BL21,11,8.09312979702682,80.9312979702682
DA_MT_BL21,11,13.612553631477425,136.12553631477425
DA_MT_BL21,11,13.524479253000255,135.24479253000254
DA_MT_BL21,12,9.479531716431362,94.79531716431362
DA_MT_BL21,13,7.1329057126395785,71.32905712639578
DA_MT_BL21,13,4.134345266083871,41.34345266083871
DA_MT_BL21,13,6.898792291763653,68.98792291763652
DA_MT_BL21,13,5.033571329566986,50.33571329566986
DA_MT_BL21,13,5.358472126905895,53.584721269058946
DA_MT_BL21,13,3.761695456601796,37.61695456601796
DA_MT_BL21,13,2.5005859931399304,25.005859931399304
DA_MT_BL21,13,8.232044773073252,82.32044773073252
DA_MT_BL21,13,6.157649727856881,61.57649727856881
DA_MT_BL21,14,14.406924381387899,144.06924381387898
DA_MT_BL21,14,10.488393914362813,104.88393914362814
DA_MT_BL21,14,11.392477984710993,113.92477984710993
DA_MT_BL21,14,9.125833964680622,91.25833964680622
DA_MT_BL21,15,20.80586290250373,208.0586290250373
DA_MT_BL21,15,12.833841773554578,128.3384177355458
DA_MT_BL21,15,14.29511446806499,142.9511446806499
DA_MT_BL21,16,9.017830040118591,90.17830040118591
DA_MT_BL21,18,19.23755982772,192.37559827719997
DA_MT_BL21,18,20.11320494718515,201.1320494718515
DA_MT_BL21,18,19.690167200432278,196.9016720043228
DA_MT_BL21,18,19.816607463887742,198.16607463887743
DA_MT_BL21,18,22.17287541266071,221.7287541266071
DA_MT_NGM,1,18.715416965274507,187.15416965274505
DA_MT_NGM,1,20.371503997593067,203.71503997593067
DA_MT_NGM,1,21.4291330331614,214.291330331614
DA_MT_NGM,1,11.34056930156544,113.40569301565439
DA_MT_NGM,1,32.60963397710508,326.0963397710508
DA_MT_NGM,1,32.81606802891752,328.1606802891752
DA_MT_NGM,1,21.83526005909294,218.3526005909294
DA_MT_NGM,1,15.661249250859006,156.61249250859007
DA_MT_NGM,1,18.473575361765903,184.73575361765904
DA_MT_NGM,1,13.473844374338645,134.73844374338645
DA_MT_NGM,1,16.74216599885169,167.4216599885169
DA_MT_NGM,2,13.374671824650795,133.74671824650795
DA_MT_NGM,2,6.553963867550695,65.53963867550695
DA_MT_NGM,2,14.250597127021393,142.50597127021393
DA_MT_NGM,2,12.542343946492304,125.42343946492304
DA_MT_NGM,2,18.568096805046725,185.68096805046724
DA_MT_NGM,2,7.148290521175815,71.48290521175815
DA_MT_NGM,2,19.902550187369666,199.02550187369667
DA_MT_NGM,2,13.44703826818385,134.4703826818385
DA_MT_NGM,2,6.208530577810043,62.085305778100434
DA_MT_NGM,2,11.966280198152498,119.66280198152498
DA_MT_NGM,2,21.693924974039213,216.93924974039214
DA_MT_NGM,3,8.347832291674123,83.47832291674123
DA_MT_NGM,3,8.399571375564438,83.99571375564437
DA_MT_NGM,3,18.720776881755,187.20776881755
DA_MT_NGM,3,26.610462409627615,266.10462409627615
DA_MT_NGM,4,26.479689144927413,264.79689144927414
DA_MT_NGM,4,20.132768804288663,201.32768804288662
DA_MT_NGM,4,21.07360075567078,210.7360075567078
DA_MT_NGM,5,23.395132925940196,233.95132925940197
DA_MT_NGM,5,21.355698845579052,213.55698845579053
DA_MT_NGM,5,33.01611848728595,330.1611848728595
DA_MT_NGM,5,25.522072674414325,255.22072674414324
DA_MT_NGM,5,24.875547961417492,248.75547961417493
DA_MT_NGM,5,12.811821979074029,128.11821979074028
DA_MT_NGM,6,26.769674806253427,267.69674806253425
DA_MT_NGM,6,13.963244344560684,139.63244344560684
DA_MT_NGM,6,26.370720996489712,263.7072099648971
DA_MT_NGM,7,19.758255490884377,197.58255490884378
DA_MT_NGM,7,13.731695441118342,137.31695441118342
DA_MT_NGM,7,14.024285438903728,140.2428543890373
DA_MT_NGM,7,10.955463752982489,109.55463752982489
DA_MT_NGM,10,19.217547242910932,192.17547242910933
DA_MT_NGM,10,30.09681718518079,300.9681718518079
DA_MT_NGM,10,27.52317182284022,275.2317182284022
DA_MT_NGM,11,29.610298647194345,296.10298647194344
DA_MT_NGM,11,22.212817799795697,222.12817799795698
DA_MT_NGM,11,19.676851439307946,196.76851439307944
DA_MT_NGM,11,30.057286068964295,300.57286068964294
DA_MT_NGM,11,16.31792116641887,163.1792116641887
DA_MT_NGM,11,22.34858459138462,223.4858459138462
DA_MT_NGM,11,30.60664585992175,306.06645859921747
DA_MT_NGM,11,22.31944860264909,223.1944860264909
DA_MT_NGM,11,23.926153468084117,239.26153468084118
DA_MT_NGM,11,26.776247197290207,267.76247197290206
DA_MT_NGM,11,28.14925854439258,281.4925854439258
DA_MT_NGM,12,18.668070661609512,186.6807066160951
DA_MT_NGM,12,22.47971911070392,224.79719110703917
DA_MT_NGM,12,20.30778506254493,203.0778506254493
DA_MT_NGM,12,20.030493558603137,200.30493558603138
DA_MT_NGM,12,18.44469698263877,184.44696982638771
DA_MT_NGM,12,12.967677486788443,129.67677486788443
DA_MT_NGM,12,19.587089224794497,195.87089224794497
DA_MT_NGM,12,18.154853852193433,181.54853852193435
DA_MT_NGM,12,11.828198858205454,118.28198858205454
DA_MT_NGM,12,12.77458341401712,127.74583414017121
DA_MT_NGM,12,11.15236765236899,111.52367652368991
DA_MT_NGM,13,22.044621414862483,220.44621414862485
DA_MT_NGM,13,33.213200804919275,332.13200804919273
DA_MT_NGM,13,30.548737540106128,305.4873754010613
DA_MT_NGM,14,26.864315031573664,268.64315031573665
DA_MT_NGM,14,22.24283637986685,222.4283637986685
DA_MT_NGM,14,32.02015381812934,320.20153818129336
DA_MT_NGM,14,32.98920360208516,329.8920360208516
DA_MT_NGM,14,33.10273134894537,331.0273134894537
DA_MT_NGM,14,27.75416045832937,277.5416045832937
DA_MT_NGM,14,21.46378128895668,214.63781288956682
DA_MT_NGM,14,19.996192242318276,199.96192242318276
DA_MT_NGM,15,25.23302932536597,252.3302932536597
DA_MT_NGM,15,25.03452024025659,250.34520240256592
DA_MT_NGM,15,24.735914296781484,247.35914296781485
DA_MT_NGM,15,24.19973170792145,241.9973170792145
DA_MT_NGM,15,21.74352051838715,217.43520518387152
DA_MT_NGM,15,23.176357945741568,231.7635794574157
DA_MT_NGM,16,20.89596931695372,208.95969316953722
DA_MT_NGM,16,23.626935520249617,236.26935520249617
DA_MT_NGM,16,26.179053870315773,261.7905387031577
DA_MT_NGM,17,18.975736200478913,189.75736200478912
DA_MT_NGM,17,16.726352115582156,167.26352115582156
DA_MT_NGM,17,11.537322037111599,115.37322037111599
DA_MT_NGM,17,14.997699355075337,149.97699355075338
DA_MT_NGM,17,15.37390503099538,153.7390503099538
DA_MT_NGM,17,19.117408331123336,191.17408331123335
DA_MT_NGM,17,11.733055450187354,117.33055450187354
DA_MT_NGM,17,17.31465050411437,173.14650504114368
DA_MT_NGM,17,25.90061884798689,259.0061884798689
DA_MT_NGM,17,20.73959453661982,207.3959453661982
DA_MT_NGM,17,19.579535009719525,195.79535009719524
DA_MT_NGM,18,23.65779088137744,236.5779088137744
DA_MT_NGM,18,26.551977440438826,265.5197744043883
DA_MT_NGM,18,37.22599371313817,372.2599371313817
DA_MT_NGM,18,25.348614212674676,253.48614212674676
DA_MT_NGM,18,27.205468454942945,272.05468454942945
DA_MT_NGM,18,31.811079140971504,318.11079140971503
DA_MT_NGM,18,26.4509814280775,264.509814280775
DA_MT_NGM,18,30.27279124659031,302.7279124659031
M9_N2_BL21,1,12.904282487026226,129.04282487026225
M9_N2_BL21,1,8.989403019802598,89.89403019802597
M9_N2_BL21,1,15.864049056811258,158.64049056811257
M9_N2_BL21,1,11.58499462561215,115.84994625612151
M9_N2_BL21,2,10.280916784991602,102.80916784991602
M9_N2_BL21,2,10.181477309266935,101.81477309266936
M9_N2_BL21,2,15.917453183640196,159.17453183640197
M9_N2_BL21,2,11.499282231171533,114.99282231171533
M9_N2_BL21,2,16.124811354241523,161.24811354241524
M9_N2_BL21,2,12.567192400905899,125.67192400905898
M9_N2_BL21,3,7.070552751205287,70.70552751205287
M9_N2_BL21,3,15.17890415839388,151.7890415839388
M9_N2_BL21,3,7.07290400726482,70.7290400726482
M9_N2_BL21,3,3.680720488082398,36.80720488082398
M9_N2_BL21,3,5.926149900355953,59.26149900355953
M9_N2_BL21,3,7.209077277750642,72.09077277750642
M9_N2_BL21,3,6.083876129892646,60.83876129892646
M9_N2_BL21,3,5.4502812930680955,54.50281293068095
M9_N2_BL21,3,6.878778701473894,68.78778701473894
M9_N2_BL21,3,6.831777806028866,68.31777806028866
M9_N2_BL21,3,5.8006965880632055,58.00696588063205
M9_N2_BL21,4,11.70412364836169,117.0412364836169
M9_N2_BL21,4,13.706745315299893,137.06745315299892
M9_N2_BL21,4,12.400777678979669,124.00777678979668
M9_N2_BL21,4,12.930521314427045,129.30521314427045
M9_N2_BL21,4,15.395004687330617,153.95004687330618
M9_N2_BL21,4,21.104321119433667,211.04321119433666
M9_N2_BL21,4,22.13637070479685,221.3637070479685
M9_N2_BL21,5,13.769561744069401,137.695617440694
M9_N2_BL21,5,12.25338091333781,122.5338091333781
M9_N2_BL21,5,14.106005774655966,141.06005774655966
M9_N2_BL21,6,12.859476779620461,128.59476779620462
M9_N2_BL21,6,16.441078431847796,164.41078431847797
M9_N2_BL21,6,20.294756975566067,202.94756975566065
M9_N2_BL21,6,19.102461353979223,191.02461353979223
M9_N2_BL21,7,15.726098320561983,157.26098320561982
M9_N2_BL21,7,8.23161408366436,82.3161408366436
M9_N2_BL21,7,9.142448585711403,91.42448585711404
M9_N2_BL21,7,13.816356652347727,138.16356652347727
M9_N2_BL21,7,9.341809572646374,93.41809572646375
M9_N2_BL21,7,13.941452461409707,139.41452461409708
M9_N2_BL21,7,8.828982162081958,88.28982162081958
M9_N2_BL21,7,12.124445464989456,121.24445464989456
M9_N2_BL21,7,15.542208198342228,155.4220819834223
M9_N2_BL21,7,12.50715623055612,125.0715623055612
M9_N2_BL21,7,10.831753563823344,108.31753563823344
M9_N2_BL21,8,9.197698907913205,91.97698907913205
M9_N2_BL21,8,7.084605338155778,70.84605338155778
M9_N2_BL21,8,12.814728034438565,128.14728034438565
M9_N2_BL21,8,6.492711448753591,64.9271144875359
M9_N2_BL21,8,9.547731977196573,95.47731977196574
M9_N2_BL21,8,8.010627062919914,80.10627062919914
M9_N2_BL21,8,16.975349105211578,169.75349105211578
M9_N2_BL21,8,16.063298662777107,160.63298662777106
M9_N2_BL21,8,11.68707368122114,116.87073681221139
M9_N2_BL21,8,13.914465336327291,139.1446533632729
M9_N2_BL21,8,15.400994164177462,154.00994164177462
M9_N2_BL21,9,11.323548797051737,113.23548797051737
M9_N2_BL21,9,9.902948558448966,99.02948558448966
M9_N2_BL21,9,8.070734359176228,80.70734359176228
M9_N2_BL21,9,11.907390932251262,119.07390932251262
M9_N2_BL21,9,9.095766217184714,90.95766217184715
M9_N2_BL21,10,3.83560506250049,38.3560506250049
M9_N2_BL21,10,7.320743561137794,73.20743561137795
M9_N2_BL21,10,3.837186479820199,38.37186479820199
M9_N2_BL21,10,6.4776101393164724,64.77610139316472
M9_N2_BL21,10,2.178815327802329,21.78815327802329
M9_N2_BL21,10,4.224871617641371,42.24871617641371
M9_N2_BL21,10,5.988167349009438,59.88167349009438
M9_N2_BL21,10,5.587439555057857,55.87439555057857
M9_N2_BL21,10,3.625258418631618,36.25258418631618
M9_N2_BL21,10,5.27703577216556,52.7703577216556
M9_N2_BL21,10,4.95263797339334,49.5263797339334
M9_N2_BL21,11,12.61352136238954,126.1352136238954
M9_N2_BL21,11,24.82354580717082,248.2354580717082
M9_N2_BL21,11,15.246160318826028,152.46160318826028
M9_N2_BL21,11,9.873499246589509,98.73499246589509
M9_N2_BL21,11,5.8554654572043905,58.5546545720439
M9_N2_BL21,11,16.08168190819115,160.8168190819115
M9_N2_BL21,11,8.072513058683512,80.72513058683512
M9_N2_BL21,12,16.037429888573875,160.37429888573877
M9_N2_BL21,12,13.922981236223958,139.22981236223958
M9_N2_BL21,12,7.61422645160537,76.1422645160537
M9_N2_BL21,12,10.42026418759653,104.2026418759653
M9_N2_BL21,13,16.788377254015533,167.88377254015532
M9_N2_BL21,13,16.911246703525062,169.11246703525063
M9_N2_BL21,14,15.790954762022201,157.909547620222
M9_N2_BL21,14,15.086868612951235,150.86868612951235
M9_N2_BL21,14,9.898656863036745,98.98656863036746
M9_N2_BL21,14,10.605746259415513,106.05746259415513
M9_N2_BL21,14,9.01110835998587,90.1110835998587
M9_N2_BL21,14,9.950396103872897,99.50396103872897
M9_N2_BL21,14,6.1030456396865445,61.030456396865446
M9_N2_BL21,14,7.755182842273328,77.55182842273328
M9_N2_BL21,14,6.115024114921582,61.150241149215816
M9_N2_BL21,14,3.9972799640551266,39.972799640551266
M9_N2_BL21,14,8.392509391213228,83.92509391213227
M9_N2_NGM,1,28.493752622996247,284.9375262299625
M9_N2_NGM,1,19.74028409299365,197.4028409299365
M9_N2_NGM,1,24.426916183981923,244.26916183981922
M9_N2_NGM,1,21.464842190740075,214.64842190740075
M9_N2_NGM,1,26.81429467036803,268.1429467036803
M9_N2_NGM,1,29.485557707033912,294.8555770703391
M9_N2_NGM,1,20.36895655360247,203.6895655360247
M9_N2_NGM,1,26.152349210289906,261.52349210289907
M9_N2_NGM,1,16.168761367065837,161.68761367065838
M9_N2_NGM,1,16.18681897429738,161.8681897429738
M9_N2_NGM,1,21.001495353748975,210.01495353748976
M9_N2_NGM,2,29.770577124032904,297.70577124032906
M9_N2_NGM,2,39.98688029895303,399.8688029895303
M9_N2_NGM,2,31.617208571002287,316.1720857100229
M9_N2_NGM,2,29.893890500750125,298.93890500750126
M9_N2_NGM,2,36.14793833529296,361.47938335292963
M9_N2_NGM,2,35.48750006884712,354.8750006884712
M9_N2_NGM,2,31.308421784501252,313.0842178450125
M9_N2_NGM,2,29.918268419362658,299.1826841936266
M9_N2_NGM,2,29.4805576664898,294.805576664898
M9_N2_NGM,2,31.87722343089633,318.7722343089633
M9_N2_NGM,2,35.37724226731159,353.7724226731159
M9_N2_NGM,3,33.08171657041088,330.81716570410885
M9_N2_NGM,4,37.7989272195361,377.98927219536097
M9_N2_NGM,4,33.27998693539102,332.79986935391025
M9_N2_NGM,4,37.72927637460494,377.29276374604945
M9_N2_NGM,5,28.51773224925345,285.1773224925345
M9_N2_NGM,5,29.165991028396014,291.65991028396013
M9_N2_NGM,5,35.67715956365073,356.7715956365073
M9_N2_NGM,5,36.06039174098243,360.6039174098243
M9_N2_NGM,5,34.37737110299595,343.7737110299595
M9_N2_NGM,5,34.55167602190825,345.51676021908247
M9_N2_NGM,5,37.65847939445806,376.5847939445806
M9_N2_NGM,5,34.34459111861276,343.4459111861276
M9_N2_NGM,6,38.842500922229206,388.42500922229203
M9_N2_NGM,6,37.400296823456344,374.00296823456347
M9_N2_NGM,6,32.818913007278304,328.18913007278303
M9_N2_NGM,6,30.118088641382876,301.1808864138288
M9_N2_NGM,7,32.57945507507122,325.79455075071223
M9_N2_NGM,10,32.34001285491477,323.40012854914767
M9_N2_NGM,12,22.78431750312482,227.84317503124822
M9_N2_NGM,12,36.736048878201494,367.36048878201495
M9_N2_NGM,12,37.37095468810958,373.7095468810958
M9_N2_NGM,12,33.26046095929593,332.6046095929593
M9_N2_NGM,12,28.966747351992446,289.66747351992444
M9_N2_NGM,12,34.368505689834045,343.68505689834046
M9_N2_NGM,12,31.922233582476416,319.2223358247642
M9_N2_NGM,12,21.130307643774785,211.30307643774785
M9_N2_NGM,12,29.611206212050558,296.1120621205056
M9_N2_NGM,12,33.03098643114136,330.30986431141355
M9_N2_NGM,12,21.878361691683246,218.78361691683244
M9_N2_NGM,13,28.79945963719893,287.9945963719893
M9_N2_NGM,13,43.22617422456322,432.26174224563226
M9_N2_NGM,13,37.59289196189365,375.9289196189365
M9_N2_NGM,13,35.84963188959735,358.49631889597345
M9_N2_NGM,13,34.38492823113874,343.84928231138736
M9_N2_NGM,13,36.0256320952584,360.256320952584
M9_N2_NGM,13,34.34642942748587,343.46429427485873
M9_N2_NGM,13,34.337596775633855,343.3759677563386
M9_N2_NGM,13,34.36233722880121,343.6233722880121
M9_N2_NGM,13,39.4326925644584,394.326925644584
M9_N2_NGM,13,27.532240522574533,275.32240522574534
M9_N2_NGM,14,38.0753838720402,380.753838720402
M9_N2_NGM,14,33.71004168791283,337.10041687912826
M9_N2_NGM,14,35.843796764145054,358.43796764145054
M9_N2_NGM,15,25.754530837320495,257.54530837320493
M9_N2_NGM,15,25.808215607953866,258.08215607953866
M9_N2_NGM,15,30.350554214297013,303.5055421429701
M9_N2_NGM,15,32.82706907151516,328.2706907151516
M9_N2_NGM,15,33.78489072349625,337.84890723496244
M9_N2_NGM,15,31.4329359395556,314.32935939555597
M9_N2_NGM,15,31.230359663827166,312.30359663827164
M9_N2_NGM,15,39.150085338975174,391.50085338975174
M9_N2_NGM,15,30.514301769792024,305.14301769792024
M9_N2_NGM,15,30.334375071413962,303.3437507141396
M9_N2_NGM,15,31.794950101290237,317.9495010129024
M9_CB_BL21,1,27.987243816938935,279.87243816938934
M9_CB_BL21,1,25.109407055535804,251.09407055535803
M9_CB_BL21,1,23.89195658026275,238.91956580262752
M9_CB_BL21,1,28.707337859192087,287.07337859192086
M9_CB_BL21,1,41.60538527324926,416.0538527324926
M9_CB_BL21,1,26.53365645015458,265.3365645015458
M9_CB_BL21,1,21.109096342836427,211.09096342836426
M9_CB_BL21,1,25.10038395053516,251.0038395053516
M9_CB_BL21,1,26.31139348750002,263.1139348750002
M9_CB_BL21,1,27.53305496332427,275.3305496332427
M9_CB_BL21,1,24.399756424911335,243.99756424911334
M9_CB_BL21,2,32.61035554954941,326.1035554954941
M9_CB_BL21,2,35.61420192799447,356.14201927994475
M9_CB_BL21,2,27.434610075718837,274.34610075718837
M9_CB_BL21,2,17.717866390493146,177.17866390493145
M9_CB_BL21,2,27.416830231215272,274.1683023121527
M9_CB_BL21,2,24.11596567118037,241.15965671180368
M9_CB_BL21,2,29.291691975957225,292.91691975957224
M9_CB_BL21,2,27.67988314323827,276.7988314323827
M9_CB_BL21,2,9.428886981392077,94.28886981392077
M9_CB_BL21,2,7.1446976191905,71.446976191905
M9_CB_BL21,2,9.695218886438644,96.95218886438644
M9_CB_BL21,3,23.847913593316783,238.4791359331678
M9_CB_BL21,3,22.739919027159623,227.39919027159624
M9_CB_BL21,3,31.406244702730646,314.06244702730646
M9_CB_BL21,3,27.003848719582674,270.03848719582675
M9_CB_BL21,3,34.940651209086866,349.40651209086866
M9_CB_BL21,3,25.061381789772348,250.6138178977235
M9_CB_BL21,3,25.198668385389972,251.9866838538997
M9_CB_BL21,4,21.77499609982734,217.74996099827342
M9_CB_BL21,4,31.437884881925818,314.37884881925817
M9_CB_BL21,4,26.09195417647269,260.9195417647269
M9_CB_BL21,4,29.07506263763529,290.7506263763529
M9_CB_BL21,4,24.153606610869907,241.53606610869906
M9_CB_BL21,4,30.358222610400794,303.58222610400793
M9_CB_BL21,4,25.504692967403365,255.04692967403366
M9_CB_BL21,4,25.20541327149802,252.0541327149802
M9_CB_BL21,4,24.386247623458036,243.86247623458036
M9_CB_BL21,4,21.698616846505832,216.9861684650583
M9_CB_BL21,4,17.589690698519767,175.8969069851977
M9_CB_BL21,5,22.908110295513364,229.08110295513364
M9_CB_BL21,5,29.199263879107377,291.9926387910738
M9_CB_BL21,6,15.272809477167385,152.72809477167385
M9_CB_BL21,6,11.01939894861276,110.1939894861276
M9_CB_BL21,6,15.969859151208993,159.69859151208993
M9_CB_BL21,6,18.580054731150383,185.80054731150383
M9_CB_BL21,6,14.711442434680482,147.1144243468048
M9_CB_BL21,6,18.81733026036427,188.1733026036427
M9_CB_BL21,6,19.71913228077566,197.1913228077566
M9_CB_BL21,6,18.398546426752308,183.98546426752307
M9_CB_BL21,6,17.721469659723866,177.21469659723866
M9_CB_BL21,6,19.478900264278177,194.78900264278178
M9_CB_BL21,6,24.21078440840533,242.1078440840533
M9_CB_BL21,7,22.04946855896079,220.4946855896079
M9_CB_BL21,7,19.93774759974389,199.3774759974389
M9_CB_BL21,7,19.27138904999609,192.71389049996088
M9_CB_BL21,7,16.372728346495144,163.72728346495143
M9_CB_BL21,7,27.495277259940753,274.9527725994075
M9_CB_BL21,7,24.447830173292047,244.47830173292047
M9_CB_BL21,7,24.207192914401226,242.07192914401224
M9_CB_BL21,7,16.388759546418907,163.88759546418908
M9_CB_BL21,7,23.374467531680075,233.74467531680074
M9_CB_BL21,7,26.146416159003575,261.46416159003576
M9_CB_BL21,7,26.85627558251563,268.5627558251563
M9_CB_BL21,8,26.48695762272361,264.8695762272361
M9_CB_BL21,8,27.836850002192385,278.36850002192386
M9_CB_BL21,8,17.497068150386855,174.97068150386855
M9_CB_BL21,8,25.55085033551374,255.5085033551374
M9_CB_BL21,8,24.415310901997124,244.15310901997123
M9_CB_BL21,8,24.265979715897124,242.65979715897123
M9_CB_BL21,8,25.376621867586632,253.76621867586633
M9_CB_BL21,8,15.422139200670477,154.22139200670478
M9_CB_BL21,8,23.51403203998324,235.14032039983238
M9_CB_BL21,8,23.366758541076212,233.66758541076211
M9_CB_BL21,8,22.504459587382726,225.04459587382726
M9_CB_BL21,9,17.642816499303223,176.42816499303223
M9_CB_BL21,11,23.14289124585084,231.42891245850842
M9_CB_BL21,12,18.110775487369573,181.10775487369574
M9_CB_BL21,12,12.462464119472447,124.62464119472446
M9_CB_BL21,12,14.693500930059628,146.93500930059628
M9_CB_BL21,12,9.228660944599046,92.28660944599045
M9_CB_BL21,12,10.073664523232196,100.73664523232196
M9_CB_BL21,12,9.751292602705362,97.51292602705362
M9_CB_BL21,12,10.260124916965218,102.60124916965218
M9_CB_BL21,12,19.887883113055487,198.8788311305549
M9_CB_BL21,12,24.81068555199469,248.10685551994692
M9_CB_BL21,12,23.768098298441767,237.68098298441768
M9_CB_BL21,12,19.170203265258827,191.7020326525883
M9_CB_BL21,13,16.972829719836778,169.72829719836778
M9_CB_BL21,13,23.50591607085712,235.0591607085712
M9_CB_BL21,14,25.735542073202993,257.3554207320299
M9_CB_BL21,15,18.930120528496506,189.30120528496505
M9_CB_BL21,15,15.814793141815747,158.14793141815747
M9_CB_BL21,15,16.602514418276833,166.02514418276832
M9_CB_BL21,15,12.894386441989045,128.94386441989045
M9_CB_BL21,15,15.725297396779013,157.25297396779013
M9_CB_BL21,17,18.358533764277276,183.58533764277274
M9_CB_BL21,17,10.481025395608464,104.81025395608464
M9_CB_BL21,18,20.83975300970919,208.39753009709193
M9_CB_NGM,1,22.473254667536246,224.73254667536247
M9_CB_NGM,1,19.63053362019383,196.3053362019383
M9_CB_NGM,1,21.230440203059096,212.30440203059095
M9_CB_NGM,1,17.844668620377774,178.44668620377774
M9_CB_NGM,1,17.380624863871777,173.80624863871776
M9_CB_NGM,1,18.704450793828286,187.04450793828286
M9_CB_NGM,1,17.920208268787405,179.20208268787405
M9_CB_NGM,1,14.995127543435206,149.95127543435206
M9_CB_NGM,1,22.831442155797095,228.31442155797095
M9_CB_NGM,1,17.752248178597718,177.52248178597716
M9_CB_NGM,1,20.973982762879196,209.73982762879194
M9_CB_NGM,2,22.11063799951976,221.10637999519759
M9_CB_NGM,2,21.73858243630133,217.38582436301328
M9_CB_NGM,2,23.403877060408366,234.03877060408365
M9_CB_NGM,2,13.48925846506586,134.8925846506586
M9_CB_NGM,2,23.144518116364203,231.44518116364202
M9_CB_NGM,2,28.273931314019443,282.73931314019444
M9_CB_NGM,2,33.024962085709625,330.24962085709626
M9_CB_NGM,3,23.25720956907157,232.57209569071568
M9_CB_NGM,3,31.554911184861037,315.5491118486104
M9_CB_NGM,3,27.286934115276892,272.8693411527689
M9_CB_NGM,3,24.091834969466287,240.91834969466288
M9_CB_NGM,3,11.17203212905994,111.7203212905994
M9_CB_NGM,3,21.429193263868985,214.29193263868984
M9_CB_NGM,3,27.12716500395515,271.2716500395515
M9_CB_NGM,3,33.865006404361004,338.65006404361003
M9_CB_NGM,3,29.66923572691104,296.6923572691104
M9_CB_NGM,3,24.584831323070297,245.84831323070296
M9_CB_NGM,3,24.389176032732696,243.89176032732695
M9_CB_NGM,4,28.47786261793896,284.7786261793896
M9_CB_NGM,4,22.010849629707966,220.10849629707965
M9_CB_NGM,4,18.444172072129962,184.44172072129962
M9_CB_NGM,4,26.896977764273448,268.96977764273447
M9_CB_NGM,4,34.06457730831958,340.64577308319576
M9_CB_NGM,4,29.657060386396598,296.57060386396597
M9_CB_NGM,4,21.422207663798098,214.222076637981
M9_CB_NGM,4,29.75358993756309,297.5358993756309
M9_CB_NGM,4,27.75585962894155,277.5585962894155
M9_CB_NGM,4,25.731440540501296,257.31440540501296
M9_CB_NGM,4,31.92561497825892,319.2561497825892
M9_CB_NGM,5,25.703635768338877,257.03635768338876
M9_CB_NGM,5,22.53229762796584,225.3229762796584
M9_CB_NGM,5,25.099355445155403,250.99355445155402
M9_CB_NGM,5,21.150163503546263,211.50163503546264
M9_CB_NGM,5,21.711518718554707,217.1151871855471
M9_CB_NGM,5,27.132895076601038,271.3289507660104
M9_CB_NGM,5,32.22778139115829,322.2778139115829
M9_CB_NGM,5,27.060535307601377,270.6053530760138
M9_CB_NGM,5,28.135649428166705,281.35649428166704
M9_CB_NGM,5,25.89025375277698,258.9025375277698
M9_CB_NGM,5,28.329304634136502,283.293046341365
M9_CB_NGM,6,14.428106001485196,144.28106001485196
M9_CB_NGM,6,27.67329707375611,276.7329707375611
M9_CB_NGM,6,34.32491412469721,343.2491412469721
M9_CB_NGM,6,29.21627159744772,292.1627159744772
M9_CB_NGM,6,27.22192672970329,272.2192672970329
M9_CB_NGM,6,13.196697713602067,131.96697713602066
M9_CB_NGM,6,12.208605480187904,122.08605480187904
M9_CB_NGM,6,17.091385273232397,170.91385273232396
M9_CB_NGM,6,31.625951353621794,316.2595135362179
M9_CB_NGM,6,29.732516308445405,297.32516308445406
M9_CB_NGM,6,11.706819620123188,117.06819620123187
M9_CB_NGM,7,20.507492815828044,205.07492815828044
M9_CB_NGM,7,26.74380274533952,267.4380274533952
M9_CB_NGM,7,20.482709667105716,204.82709667105718
M9_CB_NGM,7,19.399032903590193,193.99032903590194
M9_CB_NGM,7,14.935490937875063,149.35490937875062
M9_CB_NGM,7,14.352610025825129,143.5261002582513
M9_CB_NGM,7,26.58456998637562,265.8456998637562
M9_CB_NGM,7,31.151737096475937,311.5173709647594
M9_CB_NGM,7,32.417597102428005,324.17597102428005
M9_CB_NGM,7,19.59920403272829,195.99204032728292
M9_CB_NGM,7,30.572932196416467,305.7293219641647
M9_CB_NGM,9,18.30249097715295,183.0249097715295
M9_CB_NGM,9,20.427659691035153,204.27659691035154
M9_CB_NGM,9,24.06292776173037,240.62927761730373
M9_CB_NGM,9,15.436762036433658,154.36762036433657
M9_CB_NGM,9,25.82819848394987,258.2819848394987
M9_CB_NGM,9,17.670190601314733,176.70190601314732
M9_CB_NGM,9,25.02692048398641,250.26920483986407
M9_CB_NGM,9,23.203634256214794,232.03634256214795
M9_CB_NGM,9,26.05054343844613,260.5054343844613
M9_CB_NGM,9,27.150154267355042,271.50154267355043
M9_CB_NGM,9,24.037080601994283,240.37080601994285
M9_CB_NGM,10,31.99111391392455,319.9111391392455
M9_CB_NGM,10,28.525396792773233,285.25396792773233
M9_CB_NGM,10,16.186004004150554,161.86004004150556
M9_CB_NGM,10,14.753914505760003,147.53914505760002
M9_CB_NGM,10,15.570979003350567,155.70979003350567
M9_CB_NGM,10,27.278768182521652,272.7876818252165
M9_CB_NGM,10,32.46306575798437,324.63065757984367
M9_CB_NGM,10,29.590844128197496,295.90844128197494
M9_CB_NGM,10,17.851212424378165,178.51212424378164
M9_CB_NGM,10,17.544445617937313,175.44445617937313
M9_CB_NGM,10,27.70649234769798,277.0649234769798
M9_CB_NGM,11,34.24542414921849,342.4542414921849
M9_CB_NGM,12,29.398266032240173,293.9826603224017
M9_CB_NGM,12,37.700158775453566,377.00158775453565
M9_CB_NGM,12,34.13238429702048,341.3238429702048
M9_CB_NGM,12,39.08921903260324,390.8921903260324
M9_CB_NGM,12,38.44478130979644,384.4478130979644
M9_CB_NGM,12,36.25230015913216,362.52300159132164
M9_CB_NGM,12,32.69004019289265,326.9004019289265
M9_CB_NGM,12,37.23909075000032,372.3909075000032
M9_CB_NGM,12,30.441153653489586,304.41153653489584
M9_MT_BL21,1,8.749114730895196,87.49114730895195
M9_MT_BL21,1,5.974985420459951,59.74985420459951
M9_MT_BL21,1,13.866328571962564,138.66328571962563
M9_MT_BL21,1,17.114650268857712,171.14650268857713
M9_MT_BL21,1,15.013965040285493,150.13965040285493
M9_MT_BL21,1,14.350441614714128,143.50441614714128
M9_MT_BL21,1,21.607169440114454,216.07169440114455
M9_MT_BL21,1,13.186152788377314,131.86152788377314
M9_MT_BL21,1,18.22186344753482,182.21863447534818
M9_MT_BL21,1,34.89638898646616,348.96388986466155
M9_MT_BL21,1,21.237977472853515,212.37977472853515
M9_MT_BL21,1,13.192912776751513,131.92912776751513
M9_MT_BL21,2,15.725327959002732,157.25327959002732
M9_MT_BL21,2,24.885083435547685,248.85083435547685
M9_MT_BL21,2,24.322896840252003,243.22896840252002
M9_MT_BL21,2,16.998576903272216,169.98576903272215
M9_MT_BL21,2,11.966952737116085,119.66952737116085
M9_MT_BL21,2,19.015355918632103,190.15355918632105
M9_MT_BL21,2,15.620508345746554,156.20508345746555
M9_MT_BL21,2,8.095688937194433,80.95688937194433
M9_MT_BL21,2,9.614481204036512,96.14481204036511
M9_MT_BL21,2,11.708354990249754,117.08354990249754
M9_MT_BL21,2,14.927905047612942,149.2790504761294
M9_MT_BL21,2,13.588736737701552,135.88736737701552
M9_MT_BL21,3,19.833589019340373,198.3358901934037
M9_MT_BL21,3,24.75256822332014,247.5256822332014
M9_MT_BL21,4,24.401599396955767,244.01599396955766
M9_MT_BL21,4,20.182084266039958,201.8208426603996
M9_MT_BL21,5,15.746415692256912,157.46415692256912
M9_MT_BL21,5,15.149020444691491,151.4902044469149
M9_MT_BL21,5,16.96728593935761,169.6728593935761
M9_MT_BL21,5,16.1518951206804,161.518951206804
M9_MT_BL21,5,24.367879213058096,243.67879213058097
M9_MT_BL21,5,20.78713671646371,207.8713671646371
M9_MT_BL21,5,18.429218551797028,184.29218551797027
M9_MT_BL21,5,19.462840935839484,194.62840935839483
M9_MT_BL21,5,24.239237761834723,242.3923776183472
M9_MT_BL21,5,17.414102072775034,174.14102072775034
M9_MT_BL21,5,19.219096969025163,192.19096969025162
M9_MT_BL21,6,21.156233764923225,211.56233764923226
M9_MT_BL21,6,19.9062672723121,199.062672723121
M9_MT_BL21,6,18.389934708905646,183.89934708905645
M9_MT_BL21,6,23.315383257811984,233.15383257811985
M9_MT_BL21,6,25.4394425432997,254.39442543299697
M9_MT_BL21,6,20.64036673573015,206.40366735730152
M9_MT_BL21,6,22.33997060917356,223.3997060917356
M9_MT_BL21,6,24.78802757884844,247.8802757884844
M9_MT_BL21,6,17.656585212749725,176.56585212749724
M9_MT_BL21,6,16.88455408414928,168.84554084149278
M9_MT_BL21,6,22.62247298251387,226.2247298251387
M9_MT_BL21,7,12.670478455882982,126.70478455882983
M9_MT_BL21,7,6.652215499148807,66.52215499148807
M9_MT_BL21,7,14.053737726599001,140.53737726599002
M9_MT_BL21,7,15.058044156018047,150.58044156018047
M9_MT_BL21,7,13.998731139313279,139.98731139313279
M9_MT_BL21,7,14.45132822884105,144.5132822884105
M9_MT_BL21,7,10.843400595253598,108.43400595253598
M9_MT_BL21,7,5.519953476529016,55.19953476529017
M9_MT_BL21,7,7.441710294996533,74.41710294996533
M9_MT_BL21,7,10.47807042455799,104.7807042455799
M9_MT_BL21,7,9.09047558330183,90.9047558330183
M9_MT_BL21,8,21.563417940404896,215.63417940404895
M9_MT_BL21,8,16.870388455584468,168.7038845558447
M9_MT_BL21,8,7.489752598538615,74.89752598538615
M9_MT_BL21,8,12.040292633501545,120.40292633501545
M9_MT_BL21,8,12.421648034124562,124.21648034124561
M9_MT_BL21,8,13.585479067109045,135.85479067109046
M9_MT_BL21,8,14.96014782546229,149.6014782546229
M9_MT_BL21,8,7.859127702322854,78.59127702322854
M9_MT_BL21,8,13.417816920207411,134.17816920207412
M9_MT_BL21,8,10.7971217468148,107.97121746814801
M9_MT_BL21,8,8.326247118052638,83.26247118052638
M9_MT_BL21,9,23.688441036478252,236.88441036478252
M9_MT_BL21,9,23.178103944651177,231.78103944651178
M9_MT_BL21,9,21.932606813250153,219.32606813250152
M9_MT_BL21,9,22.992495668462702,229.92495668462703
M9_MT_BL21,10,22.165579929318632,221.6557992931863
M9_MT_BL21,10,25.60098422126797,256.0098422126797
M9_MT_BL21,10,22.40312082322612,224.0312082322612
M9_MT_BL21,10,20.80257008909241,208.0257008909241
M9_MT_BL21,10,21.812323148148327,218.12323148148326
M9_MT_NGM,1,24.99324298321581,249.9324298321581
M9_MT_NGM,1,24.32647806671279,243.26478066712792
M9_MT_NGM,2,16.242770311109616,162.42770311109615
M9_MT_NGM,2,19.814380716992986,198.14380716992986
M9_MT_NGM,2,11.400323448917607,114.00323448917607
M9_MT_NGM,2,28.841467903680872,288.4146790368087
M9_MT_NGM,2,22.3935270394643,223.935270394643
M9_MT_NGM,2,16.32746062116061,163.2746062116061
M9_MT_NGM,2,27.70733870323341,277.0733870323341
M9_MT_NGM,2,18.67909722524429,186.7909722524429
M9_MT_NGM,2,24.269836110272394,242.69836110272394
M9_MT_NGM,3,27.62463187044666,276.2463187044666
M9_MT_NGM,3,18.443569708376206,184.43569708376205
M9_MT_NGM,3,21.025657284856813,210.2565728485681
M9_MT_NGM,3,27.893347875612324,278.93347875612324
M9_MT_NGM,3,33.037132522175206,330.37132522175204
M9_MT_NGM,3,30.85712215485513,308.5712215485513
M9_MT_NGM,3,18.845655205545846,188.45655205545847
M9_MT_NGM,3,32.46137935094572,324.6137935094572
M9_MT_NGM,3,29.138299689984297,291.38299689984296
M9_MT_NGM,3,29.89521980019568,298.9521980019568
M9_MT_NGM,3,21.648069445107584,216.48069445107583
M9_MT_NGM,4,24.685061055174923,246.85061055174924
M9_MT_NGM,4,16.12015155548722,161.20151555487217
M9_MT_NGM,4,22.936049719651642,229.3604971965164
M9_MT_NGM,4,21.393907794857252,213.93907794857253
M9_MT_NGM,4,27.40714187502104,274.0714187502104
M9_MT_NGM,4,23.50610098845242,235.0610098845242
M9_MT_NGM,4,24.894083835433136,248.94083835433136
M9_MT_NGM,4,17.784730858253223,177.84730858253224
M9_MT_NGM,4,22.759987607717754,227.59987607717756
M9_MT_NGM,4,32.39936222849432,323.99362228494317
M9_MT_NGM,5,25.072012972062033,250.72012972062032
M9_MT_NGM,5,19.538591684113726,195.38591684113726
M9_MT_NGM,5,25.10141208336189,251.0141208336189
M9_MT_NGM,6,28.508644571151898,285.086445711519
M9_MT_NGM,7,37.14315116341659,371.4315116341659
M9_MT_NGM,7,36.04826139701188,360.4826139701188
M9_MT_NGM,8,29.35347466002729,293.5347466002729
M9_MT_NGM,11,16.41227473438793,164.12274734387927
M9_MT_NGM,11,16.95998561615783,169.59985616157832
M9_MT_NGM,11,21.220817350117876,212.20817350117875
M9_MT_NGM,11,21.192573579078825,211.92573579078825
M9_MT_NGM,11,18.23678756315044,182.3678756315044
M9_MT_NGM,11,18.48769981104727,184.8769981104727
M9_MT_NGM,11,21.620303181713137,216.20303181713138
M9_MT_NGM,11,17.990063366930887,179.90063366930886
M9_MT_NGM,11,34.428377157970445,344.2837715797044
M9_MT_NGM,11,28.51948200978999,285.1948200978999
M9_MT_NGM,11,23.883359592526993,238.83359592526995
M9_MT_NGM,12,17.01363691853239,170.13636918532393
M9_MT_NGM,12,12.23705218264054,122.3705218264054
M9_MT_NGM,12,22.79438922797914,227.94389227979138
M9_MT_NGM,12,20.10032767121462,201.0032767121462
M9_MT_NGM,12,11.353160576968921,113.53160576968921
M9_MT_NGM,12,10.678264384165441,106.78264384165442
M9_MT_NGM,12,16.654723222739186,166.54723222739187
M9_MT_NGM,12,13.924241461376573,139.24241461376573
M9_MT_NGM,12,13.779504391699254,137.79504391699254
M9_MT_NGM,12,13.871522122213467,138.71522122213466
M9_MT_NGM,12,9.814999220407172,98.14999220407172
M9_MT_NGM,13,21.165049235264917,211.65049235264917
M9_MT_NGM,13,24.137120116446216,241.37120116446215
M9_MT_NGM,13,17.850031449874805,178.50031449874805
M9_MT_NGM,13,13.862268818582393,138.62268818582393
M9_MT_NGM,13,14.48687536992056,144.8687536992056
M9_MT_NGM,13,10.62984382108613,106.29843821086129
M9_MT_NGM,13,13.600939887984037,136.00939887984038
M9_MT_NGM,13,8.575278249354838,85.75278249354838
M9_MT_NGM,13,13.052082032028077,130.52082032028076
M9_MT_NGM,13,9.471765943788869,94.71765943788868
M9_MT_NGM,13,12.849340040475408,128.49340040475408
M9_MT_NGM,15,35.30963435958274,353.09634359582736
M9_MT_NGM,15,30.315216191430807,303.15216191430807
M9_MT_NGM,15,31.748246993948886,317.48246993948885
M9_MT_NGM,15,37.93069044552304,379.30690445523044
M9_MT_NGM,15,39.08317086267374,390.8317086267374
M9_MT_NGM,15,37.30841237135139,373.08412371351386
M9_MT_NGM,15,37.903708879358156,379.0370887935816
M9_MT_NGM,15,33.68891254479959,336.8891254479959
M9_MT_NGM,15,29.94555363888448,299.4555363888448
M9_MT_NGM,16,25.733440955287648,257.3344095528765
M9_MT_NGM,16,22.844770749071728,228.44770749071728
M9_MT_NGM,16,17.152484612575577,171.52484612575577
M9_MT_NGM,16,10.630188342818704,106.30188342818704
M9_MT_NGM,16,8.859312775728958,88.59312775728958
M9_MT_NGM,16,13.319474076558379,133.1947407655838
M9_MT_NGM,16,8.402275620693203,84.02275620693203
M9_MT_NGM,16,22.638295670781503,226.38295670781503
M9_MT_NGM,16,18.05963113833824,180.59631138338239
M9_MT_NGM,16,23.862975211254387,238.62975211254388
M9_MT_NGM,16,17.319431695336995,173.19431695336993
M9_MT_NGM,17,16.548773421443272,165.48773421443272
M9_MT_NGM,17,24.168698809155856,241.68698809155856
M9_MT_NGM,17,24.487455014914925,244.87455014914926
M9_MT_NGM,17,25.57899760659137,255.7899760659137
M9_MT_NGM,17,26.07533563335135,260.7533563335135
M9_MT_NGM,17,24.9048996599803,249.048996599803
M9_MT_NGM,17,29.049505147628064,290.49505147628065
M9_MT_NGM,17,28.625292014880376,286.25292014880375
M9_MT_NGM,17,30.750179227185185,307.50179227185185
M9_MT_NGM,17,26.871796117376327,268.7179611737633
M9_MT_NGM,18,28.52681922609375,285.2681922609375
M9_MT_NGM,18,29.593324261314557,295.9332426131456
M9_MT_NGM,18,25.709858425852605,257.09858425852605
M9_MT_NGM,18,32.08958390651303,320.8958390651303
M9_MT_NGM,18,33.92211043408757,339.22110434087574
