id,track,speed
DA_N2_OP50,1,234.6936159586215
DA_N2_OP50,1,209.84438997338674
DA_N2_OP50,1,213.38763486294047
DA_N2_OP50,1,101.04631531904606
DA_N2_OP50,2,153.03032144838602
DA_N2_OP50,2,114.95141847078052
DA_N2_OP50,2,119.18468199985924
DA_N2_OP50,2,202.20883984328233
DA_N2_OP50,2,157.34653119476496
DA_N2_OP50,2,141.04835850141697
DA_N2_OP50,2,171.22098154391264
DA_N2_OP50,2,138.8481030459397
DA_N2_OP50,3,231.76244311085398
DA_N2_OP50,4,216.2546962105252
DA_N2_OP50,4,209.19152035860324
DA_N2_OP50,4,124.46245949351328
DA_N2_OP50,4,121.07135234621578
DA_N2_OP50,4,131.29007088808203
DA_N2_OP50,4,197.66408168367425
DA_N2_OP50,4,279.69906461841805
DA_N2_OP50,4,230.6120498692983
DA_N2_OP50,4,205.7494871288624
DA_N2_OP50,4,171.77264821902614
DA_N2_OP50,4,187.04697629689264
DA_N2_OP50,5,203.24519785263698
DA_N2_OP50,5,236.68637150882992
DA_N2_OP50,5,187.96954615631708
DA_N2_OP50,5,144.2998643480266
DA_N2_OP50,5,225.91349635892638
DA_N2_OP50,5,284.41524129481587
DA_N2_OP50,5,200.66146916272083
DA_N2_OP50,5,271.9587832542081
DA_N2_OP50,5,158.53713568473592
DA_N2_OP50,5,167.07694163956972
DA_N2_OP50,5,100.58261040492786
DA_N2_OP50,6,246.75048390604587
DA_N2_OP50,6,219.45212537926903
DA_N2_OP50,6,217.98781328920177
DA_N2_OP50,6,210.0608705494386
DA_N2_OP50,6,184.9972650143797
DA_N2_OP50,7,222.43330198566136
DA_N2_OP50,7,337.314428412227
DA_N2_OP50,7,196.8650694889034
DA_N2_OP50,7,213.98138796777866
DA_N2_OP50,7,264.0215504542588
DA_N2_OP50,9,200.24719947083835
DA_N2_OP50,9,161.45326600054915
DA_N2_OP50,9,201.20676430533925
DA_N2_OP50,10,223.61911977279095
DA_N2_OP50,10,167.67206293854133
DA_N2_OP50,10,145.79454150061534
DA_N2_OP50,11,214.6306309991722
DA_N2_OP50,12,208.8441309121926
DA_N2_OP50,14,195.2886179876498
DA_N2_OP50,14,215.50549101031697
DA_N2_OP50,14,232.92724445114726
DA_N2_OP50,14,214.1241957005599
DA_N2_OP50,14,123.14897894982005
DA_N2_OP50,14,97.00734426906446
DA_N2_OP50,15,107.45073883668731
DA_N2_OP50,15,141.54563472925042
DA_N2_OP50,15,140.26302535391517
DA_N2_OP50,15,125.25486784298701
DA_N2_OP50,15,83.40528955212204
DA_N2_OP50,15,126.81737358527103
DA_N2_OP50,15,74.31613075015194
DA_N2_OP50,15,109.72627352852005
DA_N2_OP50,15,150.3129757402878
DA_N2_OP50,15,158.00674001627712
DA_N2_OP50,15,109.17501788029772
DA_N2_OP50,17,51.26368196439049
DA_N2_OP50,17,101.55298766892545
DA_N2_OP50,17,65.61765691767926
DA_N2_OP50,17,79.47761744412381
DA_N2_OP50,17,98.36997321606104
DA_N2_OP50,17,98.41573459248532
DA_N2_OP50,17,101.80243751074215
DA_N2_OP50,17,71.83925244575434
DA_N2_OP50,17,85.33974501729578
DA_N2_OP50,17,100.51351160238205
DA_N2_OP50,17,96.2692332419322
DA_N2_OP50,18,132.76180014696632
DA_N2_OP50,18,154.9441659396636
DA_N2_OP50,18,103.78617841718001
DA_N2_OP50,18,91.06984772021949
DA_N2_OP50,18,133.01636508686371
DA_N2_OP50,18,105.16033421427099
DA_N2_OP50,18,134.50598982885145
DA_N2_OP50,18,61.60423222712952
DA_N2_OP50,18,108.75948015309321
DA_N2_OP50,18,93.18737291028506
DA_N2_OP50,18,98.0812850895814
DA_N2_NGM,1,277.88768195197497
DA_N2_NGM,1,279.98117615757076
DA_N2_NGM,1,210.56750900674155
DA_N2_NGM,1,294.3144854055131
DA_N2_NGM,1,284.38040084352605
DA_N2_NGM,1,271.7504936150119
DA_N2_NGM,1,257.43766160985297
DA_N2_NGM,1,291.12614844212237
DA_N2_NGM,1,251.1098573071328
DA_N2_NGM,1,249.36633551473673
DA_N2_NGM,1,284.27587433759317
DA_N2_NGM,2,191.06538298239792
DA_N2_NGM,2,195.49471456681755
DA_N2_NGM,2,170.1007115722215
DA_N2_NGM,2,177.80878185169686
DA_N2_NGM,2,216.9944231386869
DA_N2_NGM,2,201.83150640601565
DA_N2_NGM,2,180.51036841319285
DA_N2_NGM,2,179.1468014240395
DA_N2_NGM,2,163.88183415975703
DA_N2_NGM,2,117.14231846558195
DA_N2_NGM,2,182.6226454840831
DA_N2_NGM,3,178.52277122114614
DA_N2_NGM,3,323.74225037518374
DA_N2_NGM,3,210.91399251821286
DA_N2_NGM,3,193.7195765236334
DA_N2_NGM,3,276.15627311720687
DA_N2_NGM,3,241.89350271331773
DA_N2_NGM,3,228.28680729451253
DA_N2_NGM,3,237.66811668186656
DA_N2_NGM,3,170.41046876021977
DA_N2_NGM,3,214.65127709776306
DA_N2_NGM,3,200.3715831936782
DA_N2_NGM,4,228.48568573409088
DA_N2_NGM,4,267.7800755424716
DA_N2_NGM,4,293.0426400048705
DA_N2_NGM,4,234.2706066963614
DA_N2_NGM,4,222.93397870224604
DA_N2_NGM,4,227.0224910185324
DA_N2_NGM,4,218.76447303843256
DA_N2_NGM,4,217.94475315716323
DA_N2_NGM,4,209.62294191782308
DA_N2_NGM,4,232.7880772599476
DA_N2_NGM,4,201.2202716039954
DA_N2_NGM,5,231.60596174747542
DA_N2_NGM,5,216.02368549650677
DA_N2_NGM,5,232.00020317859807
DA_N2_NGM,5,220.16233649077344
DA_N2_NGM,5,235.4914509768035
DA_N2_NGM,5,256.98563238764234
DA_N2_NGM,5,220.9800023077712
DA_N2_NGM,5,226.48302398932128
DA_N2_NGM,5,226.6777430721168
DA_N2_NGM,5,249.55711654629494
DA_N2_NGM,5,204.3902884363006
DA_N2_NGM,6,184.11879977082953
DA_N2_NGM,6,217.82125985102275
DA_N2_NGM,6,223.0239482141081
DA_N2_NGM,6,219.63324437572373
DA_N2_NGM,6,226.0792541492794
DA_N2_NGM,6,172.62319416356496
DA_N2_NGM,6,216.06500405223915
DA_N2_NGM,6,195.92714471255277
DA_N2_NGM,6,187.02369821974645
DA_N2_NGM,6,223.73352620703858
DA_N2_NGM,6,191.0321994734477
DA_N2_NGM,7,145.95595918529517
DA_N2_NGM,8,62.943408849495846
DA_N2_NGM,8,69.42061354072916
DA_N2_NGM,9,218.00068844540823
DA_N2_NGM,9,225.83567263663696
DA_N2_NGM,9,177.49098380832544
DA_N2_NGM,9,226.98696007243765
DA_N2_NGM,9,221.91155773349823
DA_N2_NGM,9,235.61546944707956
DA_N2_NGM,9,256.27805457591
DA_N2_NGM,9,235.0981840602157
DA_N2_NGM,9,225.54021934434732
DA_N2_NGM,10,237.62716781094883
DA_N2_NGM,10,190.65218954960582
DA_N2_NGM,11,146.4820561640576
DA_N2_NGM,11,214.76050295433302
DA_N2_NGM,11,195.38275783026256
DA_N2_NGM,11,202.49232714222677
DA_N2_NGM,11,186.98714311646086
DA_N2_NGM,12,156.26074407657754
DA_N2_NGM,12,143.73000585242752
DA_N2_NGM,12,196.15487372533923
DA_N2_NGM,12,215.55359931493527
DA_N2_NGM,12,215.69491258718304
DA_N2_NGM,12,158.57186764062973
DA_N2_NGM,12,140.9364772972745
DA_CB_OP50,1,157.25748612995534
DA_CB_OP50,1,171.1985441717594
DA_CB_OP50,1,95.02672457268456
DA_CB_OP50,1,65.11872561529023
DA_CB_OP50,1,87.09930254222947
DA_CB_OP50,1,83.39297300112831
DA_CB_OP50,1,115.25944247013922
DA_CB_OP50,1,69.72199542481913
DA_CB_OP50,1,93.80694538315488
DA_CB_OP50,1,117.53747642640704
DA_CB_OP50,1,122.98601580277355
DA_CB_OP50,2,117.69919022900608
DA_CB_OP50,2,91.68261201513194
DA_CB_OP50,2,120.77302307948631
DA_CB_OP50,2,62.792807607586724
DA_CB_OP50,2,122.07455805597624
DA_CB_OP50,2,126.38315440563368
DA_CB_OP50,2,123.76063596605275
DA_CB_OP50,2,205.31140683599148
DA_CB_OP50,2,146.6282891651186
DA_CB_OP50,2,195.6256487052786
DA_CB_OP50,2,194.75231946454494
DA_CB_OP50,3,109.60030262919386
DA_CB_OP50,3,107.95063058642049
DA_CB_OP50,3,150.8139895797928
DA_CB_OP50,3,108.3258855352963
DA_CB_OP50,3,139.97060247822316
DA_CB_OP50,3,63.246060116345305
DA_CB_OP50,3,109.89899044801909
DA_CB_OP50,3,93.95729561403591
DA_CB_OP50,3,138.27803163550172
DA_CB_OP50,4,201.15094999029824
DA_CB_OP50,4,156.68867651934846
DA_CB_OP50,4,101.9916174626474
DA_CB_OP50,4,240.38771837158046
DA_CB_OP50,4,141.87189016256707
DA_CB_OP50,4,215.42769817412335
DA_CB_OP50,4,260.26296599234274
DA_CB_OP50,4,221.9854652596015
DA_CB_OP50,4,216.2389978005811
DA_CB_OP50,4,163.53111555824415
DA_CB_OP50,4,136.32148874503758
DA_CB_OP50,4,124.29808428913596
DA_CB_OP50,5,89.01144473785273
DA_CB_OP50,5,122.42360470915041
DA_CB_OP50,6,152.2356016710212
DA_CB_OP50,6,186.33541070428652
DA_CB_OP50,6,102.72755343712106
DA_CB_OP50,6,129.43100386052393
DA_CB_OP50,6,149.21274521999527
DA_CB_OP50,6,147.83187446410355
DA_CB_OP50,6,139.1909741129229
DA_CB_OP50,6,166.20808968202357
DA_CB_OP50,6,120.55035843625062
DA_CB_OP50,6,121.82954781683472
DA_CB_OP50,6,68.61931354845606
DA_CB_OP50,7,85.34930241050469
DA_CB_OP50,7,127.90251055211873
DA_CB_OP50,7,120.87929673237275
DA_CB_OP50,7,109.88474283385878
DA_CB_OP50,7,155.97690055113668
DA_CB_OP50,7,224.8268413863736
DA_CB_OP50,7,141.4207197841926
DA_CB_OP50,7,119.52639836839572
DA_CB_OP50,7,118.55202136514345
DA_CB_OP50,7,132.43212883981968
DA_CB_OP50,7,115.90230906291966
DA_CB_OP50,8,209.19896578663688
DA_CB_OP50,8,203.0091255322497
DA_CB_OP50,9,187.99454118045037
DA_CB_OP50,9,148.78839754071333
DA_CB_OP50,10,159.19892693945908
DA_CB_OP50,10,146.54885275445992
DA_CB_OP50,10,153.99069879628837
DA_CB_OP50,10,219.26296224131056
DA_CB_OP50,10,192.0442586253655
DA_CB_OP50,10,162.95896233939732
DA_CB_OP50,10,101.18402998320435
DA_CB_OP50,11,233.3452859476251
DA_CB_OP50,11,279.42256132277737
DA_CB_OP50,11,166.44399033809813
DA_CB_OP50,11,127.97712147914572
DA_CB_OP50,11,130.55545501017232
DA_CB_OP50,11,173.97941763601182
DA_CB_OP50,11,196.12015876552192
DA_CB_OP50,12,159.7681984772713
DA_CB_OP50,12,73.49185301625498
DA_CB_OP50,12,89.35691561943385
DA_CB_OP50,12,93.13352582080272
DA_CB_OP50,12,165.39277190925418
DA_CB_OP50,12,98.31658108259163
DA_CB_OP50,12,96.20331113862429
DA_CB_OP50,12,106.38694681533852
DA_CB_OP50,12,91.5777871079072
DA_CB_OP50,12,183.29447585843064
DA_CB_OP50,12,123.51594300194074
DA_CB_NGM,1,79.1043007060004
DA_CB_NGM,1,75.0737821987442
DA_CB_NGM,1,39.36835162230674
DA_CB_NGM,1,94.87767263613343
DA_CB_NGM,1,97.27956989846585
DA_CB_NGM,1,77.28365803596205
DA_CB_NGM,1,115.84467434604767
DA_CB_NGM,1,94.76355134533142
DA_CB_NGM,2,194.4866961402485
DA_CB_NGM,2,208.17885612947003
DA_CB_NGM,2,181.7264720647419
DA_CB_NGM,3,108.31824765249773
DA_CB_NGM,3,83.08255884105463
DA_CB_NGM,3,61.722957182117895
DA_CB_NGM,3,94.27081975120484
DA_CB_NGM,3,45.64671858875242
DA_CB_NGM,3,116.8766444147997
DA_CB_NGM,3,82.93106552125354
DA_CB_NGM,3,93.74314498018998
DA_CB_NGM,3,95.28947607164586
DA_CB_NGM,3,66.65034627764149
DA_CB_NGM,3,113.65233519725848
DA_CB_NGM,4,223.43607859035183
DA_CB_NGM,5,164.14864218539614
DA_CB_NGM,5,158.39857848753678
DA_CB_NGM,5,169.52194901153877
DA_CB_NGM,6,231.35651332413667
DA_CB_NGM,6,151.92948247854844
DA_CB_NGM,7,141.58392710908268
DA_CB_NGM,7,102.45783744247936
DA_CB_NGM,7,167.4068541982572
DA_CB_NGM,7,214.07019980209867
DA_CB_NGM,7,94.39251684798027
DA_CB_NGM,7,183.05131269194902
DA_CB_NGM,7,188.78456041753066
DA_CB_NGM,7,188.15605237749097
DA_CB_NGM,7,179.78456332116818
DA_CB_NGM,7,172.48849798908745
DA_CB_NGM,7,173.59318840111715
DA_CB_NGM,8,199.76219118931053
DA_CB_NGM,8,176.38484955296713
DA_CB_NGM,8,192.02289449914673
DA_CB_NGM,8,193.89236075102227
DA_CB_NGM,8,145.909961741507
DA_CB_NGM,8,138.50316082365728
DA_CB_NGM,8,143.03530735802067
DA_CB_NGM,8,93.22887120867826
DA_CB_NGM,8,80.13118565674392
DA_CB_NGM,8,131.0716433174826
DA_CB_NGM,8,190.0542135684135
DA_CB_NGM,9,130.99878292590057
DA_CB_NGM,9,180.18599170894126
DA_CB_NGM,9,167.74588812681418
DA_CB_NGM,9,200.87638270112365
DA_CB_NGM,9,190.22639808082943
DA_CB_NGM,9,144.57878449607034
DA_CB_NGM,9,98.4996335879403
DA_CB_NGM,9,112.6312430074252
DA_CB_NGM,9,118.96531696422025
DA_CB_NGM,9,195.26506337543725
DA_CB_NGM,9,146.8308878906916
DA_CB_NGM,10,164.22447377301373
DA_CB_NGM,10,152.13444164615257
DA_CB_NGM,10,130.28545271326934
DA_CB_NGM,10,177.60705450742765
DA_CB_NGM,10,81.81476907517768
DA_CB_NGM,10,127.97137243758229
DA_CB_NGM,10,78.35779260840016
DA_CB_NGM,10,146.53768839758953
DA_CB_NGM,10,177.21387619269137
DA_CB_NGM,10,213.1150470028127
DA_CB_NGM,10,184.06568788868591
DA_CB_NGM,11,151.41785378510156
DA_CB_NGM,11,169.74620786432803
DA_CB_NGM,11,240.00058381631726
DA_CB_NGM,11,253.68928970078179
DA_CB_NGM,11,162.2581556322745
DA_CB_NGM,11,88.80538372141247
DA_CB_NGM,11,133.19974871736434
DA_CB_NGM,11,126.51989781357581
DA_CB_NGM,11,131.9377692020183
DA_CB_NGM,11,107.6097942743701
DA_CB_NGM,11,225.49578272957396
DA_CB_NGM,12,201.13240119636004
DA_CB_NGM,12,197.90229763637745
DA_CB_NGM,12,177.78702861652346
DA_CB_NGM,12,184.1316096448782
DA_CB_NGM,12,186.4604668103468
DA_CB_NGM,12,171.75200233074065
DA_CB_NGM,12,171.68620807651715
DA_CB_NGM,12,201.1643293795706
DA_CB_NGM,12,160.22285080477278
DA_CB_NGM,12,108.58480660167986
DA_CB_NGM,12,181.80560003783597
DA_CB_NGM,13,213.63613349309222
DA_CB_NGM,14,159.80463184670273
DA_CB_NGM,14,207.64915119928537
DA_CB_NGM,14,188.10008735250622
DA_CB_NGM,14,159.44453797620866
DA_CB_NGM,14,148.43132743576268
DA_CB_NGM,14,122.68023995854033
DA_CB_NGM,14,116.37428984596977
DA_CB_NGM,14,310.75505186206374
DA_CB_NGM,14,141.48582201126055
DA_CB_NGM,14,164.3596077803001
DA_MT_OP50,1,98.4486336081922
DA_MT_OP50,1,184.11335688616606
DA_MT_OP50,1,172.87273893952272
DA_MT_OP50,1,126.0777384579799
DA_MT_OP50,1,82.18669677400608
DA_MT_OP50,1,150.2299650888206
DA_MT_OP50,1,212.10585609436134
DA_MT_OP50,1,170.60214561519464
DA_MT_OP50,1,173.92173353738545
DA_MT_OP50,1,230.43796446672508
DA_MT_OP50,1,103.00542444881653
DA_MT_OP50,2,46.14275555290935
DA_MT_OP50,2,127.41566431030515
DA_MT_OP50,2,147.52964650496
DA_MT_OP50,2,122.66887323041392
DA_MT_OP50,2,160.56321816008384
DA_MT_OP50,2,285.4434347603843
DA_MT_OP50,2,132.29304828549198
DA_MT_OP50,2,66.71928017740814
DA_MT_OP50,2,180.25430165309305
DA_MT_OP50,2,230.61815157515608
DA_MT_OP50,2,359.11951771626656
DA_MT_OP50,3,85.92001898554092
DA_MT_OP50,3,109.16730670351254
DA_MT_OP50,3,149.28695039546355
DA_MT_OP50,3,114.63416960323009
DA_MT_OP50,3,132.2066137130712
DA_MT_OP50,3,117.16828281113071
DA_MT_OP50,3,186.22799876294783
DA_MT_OP50,3,94.93130318650897
DA_MT_OP50,3,94.01540685975465
DA_MT_OP50,3,82.27965615291433
DA_MT_OP50,4,191.06383626602798
DA_MT_OP50,6,207.06047815905558
DA_MT_OP50,6,205.33902679760894
DA_MT_OP50,6,160.29096654510184
DA_MT_OP50,6,205.02915070905547
DA_MT_OP50,6,165.13240881097713
DA_MT_OP50,6,173.26101533277355
DA_MT_OP50,6,183.81960829830442
DA_MT_OP50,6,173.45401846425966
DA_MT_OP50,6,195.54462927326557
DA_MT_OP50,6,202.54610149875208
DA_MT_OP50,6,195.2118573916714
DA_MT_OP50,7,122.91249095200752
DA_MT_OP50,7,104.92089318060887
DA_MT_OP50,8,122.35531175590458
DA_MT_OP50,8,111.15692705692007
DA_MT_OP50,8,137.91009772298816
DA_MT_OP50,8,141.65247155385597
DA_MT_OP50,8,138.48676296021716
DA_MT_OP50,8,158.99402696013186
DA_MT_OP50,8,144.58069252892113
DA_MT_OP50,8,74.61745700712063
DA_MT_OP50,8,165.35773125764845
DA_MT_OP50,8,144.08924572163764
DA_MT_OP50,8,192.89116082618085
DA_MT_OP50,8,89.55893458288897
DA_MT_OP50,9,74.17923387351986
DA_MT_OP50,9,191.28372174724598
DA_MT_OP50,9,210.21894328568888
DA_MT_OP50,9,159.6397116280362
DA_MT_OP50,9,211.7702424823223
DA_MT_OP50,9,286.88833414649207
DA_MT_OP50,9,190.85488899804074
DA_MT_OP50,9,147.23712651695473
DA_MT_OP50,9,112.41864542024291
DA_MT_OP50,9,166.11091997538952
DA_MT_OP50,9,183.21141041524413
DA_MT_OP50,9,191.05743748123362
DA_MT_OP50,10,127.09126515151016
DA_MT_OP50,10,192.4018626255648
DA_MT_OP50,10,179.74795282538156
DA_MT_OP50,10,173.6357181599977
DA_MT_OP50,10,122.00162138764138
DA_MT_OP50,10,102.60946510066154
DA_MT_OP50,10,175.0429084447645
DA_MT_OP50,10,186.7272207258147
DA_MT_OP50,10,162.60578333621956
DA_MT_OP50,10,163.49399402971017
DA_MT_OP50,11,58.3398954217299
DA_MT_OP50,11,52.339401510369385
DA_MT_OP50,11,47.27538234962839
DA_MT_OP50,11,65.75146245796651
DA_MT_OP50,11,51.92167555734409
DA_MT_OP50,11,55.054436296693574
DA_MT_OP50,11,65.85079312057978
DA_MT_OP50,11,58.8709921125577
DA_MT_OP50,11,56.18775714677205
DA_MT_OP50,11,71.60937918873279
DA_MT_OP50,11,59.852149277492174
DA_MT_OP50,12,147.25569617945922
DA_MT_OP50,12,115.6316096149408
DA_MT_OP50,12,173.62322094000393
DA_MT_OP50,12,228.4889194010039
DA_MT_OP50,12,116.64340579387083
DA_MT_OP50,12,156.81576675565364
DA_MT_OP50,12,152.60893252330698
DA_MT_OP50,12,224.8857599013658
DA_MT_OP50,12,169.59533140040918
DA_MT_OP50,12,135.92859288708934
DA_MT_OP50,12,171.19848078201707
DA_MT_OP50,13,198.02952865642723
DA_MT_OP50,13,149.70650918118025
DA_MT_OP50,13,163.5226977113756
DA_MT_OP50,13,153.03862286400414
DA_MT_OP50,13,123.26182305748384
DA_MT_OP50,13,116.85163227734942
DA_MT_OP50,13,161.01558643178248
DA_MT_OP50,13,175.96456886305296
DA_MT_OP50,13,192.1397261880487
DA_MT_OP50,13,188.12292508484683
DA_MT_OP50,13,142.1411974666927
DA_MT_NGM,1,161.55593172302616
DA_MT_NGM,1,169.1781160729623
DA_MT_NGM,1,132.5788409844081
DA_MT_NGM,1,178.81503878747233
DA_MT_NGM,1,174.97672575988273
DA_MT_NGM,1,155.02126491562944
DA_MT_NGM,1,114.47675540955606
DA_MT_NGM,1,116.14805367429457
DA_MT_NGM,1,182.7386817995292
DA_MT_NGM,1,116.51282172757419
DA_MT_NGM,1,117.80849876498542
DA_MT_NGM,2,131.88736869288067
DA_MT_NGM,2,215.27268191443264
DA_MT_NGM,2,199.23379337837565
DA_MT_NGM,2,157.2661048977971
DA_MT_NGM,2,176.63246637210804
DA_MT_NGM,3,177.81675341646172
DA_MT_NGM,3,160.1224277989114
DA_MT_NGM,3,103.7182095659294
DA_MT_NGM,3,132.7722880601781
DA_MT_NGM,3,133.07712923046205
DA_MT_NGM,3,156.30095049035785
DA_MT_NGM,3,115.42225160329617
DA_MT_NGM,3,118.76237135524029
DA_MT_NGM,3,123.67331031866192
DA_MT_NGM,3,71.80144599644944
DA_MT_NGM,3,99.64558266236153
DA_MT_NGM,4,174.0603846596963
DA_MT_NGM,6,132.91933172966466
DA_MT_NGM,6,194.10757629238412
DA_MT_NGM,6,200.91276521457326
DA_MT_NGM,6,155.041619592667
DA_MT_NGM,6,180.06968115629434
DA_MT_NGM,6,157.87891380788855
DA_MT_NGM,6,159.5853530885243
DA_MT_NGM,6,102.64697462682253
DA_MT_NGM,6,133.48237505913858
DA_MT_NGM,6,168.604099152678
DA_MT_NGM,6,132.2264467265308
DA_MT_NGM,7,189.75521000786458
DA_MT_NGM,7,178.55364070026857
DA_MT_NGM,7,172.17946365448807
DA_MT_NGM,7,148.10023262651237
DA_MT_NGM,7,209.95650121909875
DA_MT_NGM,7,213.81680540910187
DA_MT_NGM,7,170.54915361907456
DA_MT_NGM,7,198.0949016615742
DA_MT_NGM,7,164.9625297835696
DA_MT_NGM,7,193.46694971445365
DA_MT_NGM,7,185.177310032819
DA_MT_NGM,8,109.11323379934736
DA_MT_NGM,8,94.2635005311599
DA_MT_NGM,8,223.5284097124564
DA_MT_NGM,8,173.28163225269657
DA_MT_NGM,8,210.39883156637353
DA_MT_NGM,8,189.08989094973342
DA_MT_NGM,8,194.9890800505243
DA_MT_NGM,8,186.91782883041182
DA_MT_NGM,9,198.82940238564774
DA_MT_NGM,9,161.29942181391775
DA_MT_NGM,9,130.65900412009722
DA_MT_NGM,9,165.6093296852585
DA_MT_NGM,9,151.78499855237843
DA_MT_NGM,9,148.2204275134663
DA_MT_NGM,9,148.50081837253254
DA_MT_NGM,9,148.02258101779634
DA_MT_NGM,9,126.50852783645414
DA_MT_NGM,9,116.18960360814836
DA_MT_NGM,9,149.29858686925408
DA_MT_NGM,10,232.1219439624941
DA_MT_NGM,10,192.29436732313346
DA_MT_NGM,10,170.94373988654007
DA_MT_NGM,10,201.5369845444151
DA_MT_NGM,11,88.4240398597209
DA_MT_NGM,11,103.46437616556072
DA_MT_NGM,11,121.69012741424976
DA_MT_NGM,11,131.1626704937095
DA_MT_NGM,11,124.29340383902203
DA_MT_NGM,11,153.8615137041865
DA_MT_NGM,11,146.33096815063925
DA_MT_NGM,11,162.8136086599999
DA_MT_NGM,12,187.44773740654287
DA_MT_NGM,12,208.2275753996495
DA_MT_NGM,12,210.2924694765997
DA_MT_NGM,12,177.40778478353184
M9_N2_OP50,1,208.986810122606
M9_N2_OP50,1,195.98104829051073
M9_N2_OP50,1,206.6564284282196
M9_N2_OP50,1,131.43389290497493
M9_N2_OP50,1,293.3072968676991
M9_N2_OP50,1,231.11444069708085
M9_N2_OP50,1,264.4237176949299
M9_N2_OP50,1,234.75185109069966
M9_N2_OP50,1,256.8522015788215
M9_N2_OP50,2,146.30850340093534
M9_N2_OP50,2,197.32468051609607
M9_N2_OP50,2,129.33014776113404
M9_N2_OP50,2,99.89216960095716
M9_N2_OP50,2,46.23519414944316
M9_N2_OP50,2,187.65630785278194
M9_N2_OP50,2,105.26941381656452
M9_N2_OP50,2,137.6966818172935
M9_N2_OP50,2,161.3889705354901
M9_N2_OP50,2,131.52175915453932
M9_N2_OP50,2,147.40060015500407
M9_N2_OP50,3,165.26072224076884
M9_N2_OP50,3,150.4107149375888
M9_N2_OP50,3,233.73678292398716
M9_N2_OP50,3,123.94594515426456
M9_N2_OP50,3,108.63491979639184
M9_N2_OP50,3,71.16237233936188
M9_N2_OP50,3,79.97671985294531
M9_N2_OP50,3,153.8484103838336
M9_N2_OP50,3,95.49524160030417
M9_N2_OP50,3,99.65940675041819
M9_N2_OP50,3,151.48448246102265
M9_N2_OP50,4,232.37030127446843
M9_N2_OP50,4,132.0400395544963
M9_N2_OP50,4,108.73659102760908
M9_N2_OP50,4,108.68093952182149
M9_N2_OP50,4,222.68956028895894
M9_N2_OP50,4,205.76140865076724
M9_N2_OP50,4,112.63356902231308
M9_N2_OP50,4,173.60190610184404
M9_N2_OP50,4,154.74746247169202
M9_N2_OP50,4,166.67671750916656
M9_N2_NGM,1,244.0035368336143
M9_N2_NGM,1,238.46493494259934
M9_N2_NGM,1,150.52481328962523
M9_N2_NGM,1,141.5864931026432
M9_N2_NGM,1,142.6935149432075
M9_N2_NGM,1,155.87936196354855
M9_N2_NGM,1,156.1758684564935
M9_N2_NGM,1,146.15791492504158
M9_N2_NGM,1,131.29729613949507
M9_N2_NGM,1,119.83224343617522
M9_N2_NGM,1,146.26305607531285
M9_N2_NGM,2,220.12722855032962
M9_N2_NGM,2,270.835630473886
M9_N2_NGM,3,192.56965162097362
M9_N2_NGM,3,166.86447169901595
M9_N2_NGM,3,162.37674332379834
M9_N2_NGM,3,129.70848828510003
M9_N2_NGM,3,163.6183086736932
M9_N2_NGM,3,161.7848289754936
M9_N2_NGM,3,175.81798691884956
M9_N2_NGM,3,149.16278603734094
M9_N2_NGM,3,143.0149007219572
M9_N2_NGM,4,163.68001148357354
M9_N2_NGM,4,181.93096678180635
M9_N2_NGM,4,167.97837695839954
M9_N2_NGM,4,167.7022795638087
M9_N2_NGM,4,166.25575874253656
M9_N2_NGM,4,132.84815023857735
M9_N2_NGM,4,147.267810958293
M9_N2_NGM,4,199.11066755811385
M9_N2_NGM,5,210.39921275648413
M9_N2_NGM,5,229.91893745267095
M9_N2_NGM,5,230.0824688743101
M9_N2_NGM,5,194.1061982707284
M9_N2_NGM,5,219.9751891350812
M9_N2_NGM,5,120.27039216643132
M9_N2_NGM,5,125.2174456265946
M9_N2_NGM,5,156.93845951848553
M9_N2_NGM,5,201.68395863982013
M9_N2_NGM,5,280.56170669434283
M9_N2_NGM,5,204.21096642387747
M9_N2_NGM,6,291.57721489484976
M9_N2_NGM,7,186.3742212637216
M9_N2_NGM,7,142.79717567589677
M9_N2_NGM,8,140.36387329370828
M9_N2_NGM,8,199.91813043773
M9_N2_NGM,8,181.23062746196587
M9_N2_NGM,8,187.6120054074232
M9_N2_NGM,8,124.41827797863161
M9_N2_NGM,8,128.05406303552908
M9_N2_NGM,8,113.97407526088125
M9_N2_NGM,8,148.395620165509
M9_N2_NGM,8,162.6432933518184
M9_N2_NGM,8,190.9116995838549
M9_N2_NGM,8,199.55720938335344
M9_N2_NGM,9,221.85545386687468
M9_N2_NGM,9,148.22263807492507
M9_N2_NGM,9,194.78526962062256
M9_N2_NGM,9,159.17969660341137
M9_N2_NGM,9,313.18634328628116
M9_N2_NGM,9,204.9985373792611
M9_N2_NGM,9,420.83198274618337
M9_N2_NGM,9,357.07980010072373
M9_N2_NGM,9,338.930622944443
M9_N2_NGM,9,270.6400656836608
M9_N2_NGM,9,289.1077502072834
M9_N2_NGM,10,257.84992250896914
M9_N2_NGM,10,204.5954610359763
M9_N2_NGM,10,246.93140833542262
M9_N2_NGM,10,270.1400685532544
M9_N2_NGM,10,253.3345778252272
M9_N2_NGM,10,240.25325547785792
M9_N2_NGM,10,223.2271177680117
M9_N2_NGM,10,213.53307836804566
M9_N2_NGM,10,275.9184902526772
M9_N2_NGM,10,253.94670988308445
M9_N2_NGM,10,235.1512726150533
M9_N2_NGM,11,163.2717227638181
M9_N2_NGM,11,138.58201828391913
M9_N2_NGM,11,156.8400638869226
M9_N2_NGM,11,179.44087154703374
M9_N2_NGM,11,183.75885172571103
M9_N2_NGM,11,141.0448468690542
M9_CB_OP50,1,258.5907485518451
M9_CB_OP50,1,195.0460879945527
M9_CB_OP50,1,164.21300218562374
M9_CB_OP50,1,192.95432263714483
M9_CB_OP50,1,173.29611920062047
M9_CB_OP50,1,252.14713190604834
M9_CB_OP50,1,212.10944524483148
M9_CB_OP50,2,240.30715481623332
M9_CB_OP50,2,216.0291232203725
M9_CB_OP50,2,228.3573075528981
M9_CB_OP50,2,233.11790330683576
M9_CB_OP50,2,202.45058444431214
M9_CB_OP50,3,233.3459024446036
M9_CB_OP50,3,219.83509324846028
M9_CB_OP50,3,260.3730392194302
M9_CB_OP50,3,240.1680425475328
M9_CB_OP50,4,202.3983219783791
M9_CB_OP50,4,204.46954752687597
M9_CB_OP50,4,211.35833083872922
M9_CB_OP50,5,110.6375339075922
M9_CB_OP50,6,34.52260795118046
M9_CB_OP50,6,26.280718656953646
M9_CB_OP50,6,74.89614263942731
M9_CB_OP50,6,82.13542432727579
M9_CB_OP50,6,69.98773174588975
M9_CB_OP50,6,63.52488187443388
M9_CB_OP50,6,83.04022524053428
M9_CB_OP50,6,61.60496627425035
M9_CB_OP50,6,35.44794218384455
M9_CB_OP50,7,263.88112270769096
M9_CB_OP50,7,299.5166483364386
M9_CB_OP50,8,72.60552117080826
M9_CB_OP50,8,217.06547646531885
M9_CB_OP50,8,239.71170792888068
M9_CB_OP50,9,139.28457805031601
M9_CB_OP50,9,81.53014358564526
M9_CB_OP50,9,62.68824125287392
M9_CB_OP50,9,42.13553413381142
M9_CB_OP50,9,106.0748311060348
M9_CB_OP50,9,155.2828467229558
M9_CB_NGM,1,24.231667450298975
M9_CB_NGM,1,48.92502492657884
M9_CB_NGM,1,68.51613858661021
M9_CB_NGM,1,98.43464781363735
M9_CB_NGM,1,160.368172091555
M9_CB_NGM,1,92.67213084914914
M9_CB_NGM,1,152.25107923389547
M9_CB_NGM,1,90.8598446185189
M9_CB_NGM,1,113.68581239576062
M9_CB_NGM,1,150.54187160144647
M9_CB_NGM,2,117.91192549258137
M9_CB_NGM,2,114.89029670126982
M9_CB_NGM,2,122.88332677554664
M9_CB_NGM,2,76.19109836817418
M9_CB_NGM,2,43.702279409615116
M9_CB_NGM,2,54.41551279241221
M9_CB_NGM,2,50.39155854529268
M9_CB_NGM,2,87.4102048886062
M9_CB_NGM,2,62.61866185997826
M9_CB_NGM,2,48.59521388428755
M9_CB_NGM,2,80.43705184518272
M9_CB_NGM,3,200.00811983856363
M9_CB_NGM,3,170.47951647079037
M9_CB_NGM,3,50.01715090571248
M9_CB_NGM,3,48.71741945024469
M9_CB_NGM,3,156.9137133987869
M9_CB_NGM,3,93.41306358699957
M9_CB_NGM,3,99.98612907497478
M9_CB_NGM,3,43.38026470865039
M9_CB_NGM,3,50.75657240089136
M9_CB_NGM,3,45.97806313921156
M9_CB_NGM,3,108.04648558955485
M9_CB_NGM,5,152.7865800840899
M9_CB_NGM,5,27.47043563494582
M9_CB_NGM,5,24.63530729615441
M9_CB_NGM,5,26.412649298315774
M9_CB_NGM,5,33.20360513556915
M9_CB_NGM,5,27.551491379040435
M9_CB_NGM,5,26.952697684279673
M9_CB_NGM,5,37.194390829626606
M9_CB_NGM,5,72.25433472229706
M9_CB_NGM,5,42.73735982331161
M9_CB_NGM,5,34.16367625609122
M9_CB_NGM,6,66.71942540163619
M9_CB_NGM,6,70.7106074806757
M9_CB_NGM,6,65.49953079025582
M9_CB_NGM,6,92.83715359630888
M9_CB_NGM,6,211.76617254115953
M9_CB_NGM,6,289.26833739772667
M9_CB_NGM,6,154.9102864312742
M9_CB_NGM,6,219.27064112787056
M9_CB_NGM,6,225.56624249502693
M9_CB_NGM,6,236.6020269286364
M9_CB_NGM,6,85.44534106554939
M9_CB_NGM,7,134.98427296686086
M9_CB_NGM,7,204.15674813550822
M9_CB_NGM,7,212.2550852991698
M9_CB_NGM,7,86.71808908086908
M9_CB_NGM,7,108.20778823212936
M9_CB_NGM,7,107.77720763466655
M9_CB_NGM,7,161.22212607841024
M9_CB_NGM,7,159.63583582440816
M9_CB_NGM,7,286.3228989666015
M9_CB_NGM,7,187.8196590558711
M9_CB_NGM,7,217.0823631439198
M9_CB_NGM,8,119.58545443190035
M9_CB_NGM,8,85.62543699412173
M9_CB_NGM,8,51.00466142149536
M9_CB_NGM,8,100.18075919558144
M9_CB_NGM,8,79.10361962001043
M9_CB_NGM,8,84.85189924969146
M9_CB_NGM,8,26.229000791196313
M9_CB_NGM,8,34.932702683296704
M9_CB_NGM,8,26.741497293740576
M9_CB_NGM,8,40.7589319611489
M9_CB_NGM,8,34.58995890007039
M9_CB_NGM,9,120.39628210931546
M9_CB_NGM,9,148.89695552971983
M9_CB_NGM,9,183.96935301804257
M9_CB_NGM,9,137.00638778820613
M9_CB_NGM,9,211.7792918547421
M9_CB_NGM,9,171.42715576328249
M9_CB_NGM,9,158.45485496644363
M9_CB_NGM,9,271.23965511503343
M9_CB_NGM,9,186.92197460317874
M9_CB_NGM,9,67.8874276053186
M9_CB_NGM,9,272.1505852285633
M9_CB_NGM,10,78.1428268908567
M9_CB_NGM,10,58.29030643946263
M9_CB_NGM,10,63.94547985938042
M9_CB_NGM,10,38.510486809438746
M9_CB_NGM,10,101.91972032253813
M9_CB_NGM,10,88.62026350406262
M9_CB_NGM,10,87.5620851608055
M9_CB_NGM,10,240.66054424021655
M9_CB_NGM,10,218.77737807875988
M9_CB_NGM,10,133.58195744960398
M9_CB_NGM,10,199.20806798065215
M9_CB_NGM,11,153.088663579585
M9_CB_NGM,11,166.74205025690551
M9_CB_NGM,11,195.979555258807
M9_CB_NGM,11,196.85548247224568
M9_CB_NGM,11,189.3138431226736
M9_CB_NGM,11,204.0406420325361
M9_CB_NGM,11,187.7504311482024
M9_MT_OP50,1,86.93638475473003
M9_MT_OP50,1,41.688699368109475
M9_MT_OP50,1,106.7024812395579
M9_MT_OP50,1,76.88821047118921
M9_MT_OP50,1,171.71370939905887
M9_MT_OP50,1,112.95585565488166
M9_MT_OP50,1,56.77930568620083
M9_MT_OP50,1,40.26919243464779
M9_MT_OP50,1,30.149508106247488
M9_MT_OP50,1,53.785571769708454
M9_MT_OP50,1,57.4873534202167
M9_MT_OP50,2,200.5483877991221
M9_MT_OP50,2,207.33706870130717
M9_MT_OP50,2,207.43228538739004
M9_MT_OP50,3,229.33173895714154
M9_MT_OP50,4,232.00021175222733
M9_MT_OP50,4,233.1838862855142
M9_MT_OP50,4,255.64686356688702
M9_MT_OP50,4,245.93347179406936
M9_MT_OP50,4,221.1307161273781
M9_MT_OP50,4,155.39675180330693
M9_MT_OP50,4,263.1543656173044
M9_MT_OP50,4,252.41927155607294
M9_MT_OP50,4,184.144795859998
M9_MT_OP50,4,200.93463180077805
M9_MT_OP50,4,192.83128215189345
M9_MT_OP50,5,218.39527427476543
M9_MT_OP50,5,205.84251099185968
M9_MT_OP50,5,245.26473018844598
M9_MT_OP50,5,230.39419592544942
M9_MT_OP50,5,209.34867634304206
M9_MT_OP50,5,206.6120284147374
M9_MT_OP50,5,272.3319640008524
M9_MT_OP50,5,213.86819023117414
M9_MT_OP50,5,227.60165090081415
M9_MT_OP50,5,211.49842854561598
M9_MT_OP50,5,262.99300294242056
M9_MT_OP50,6,346.4893267240493
M9_MT_OP50,6,269.44993329335864
M9_MT_OP50,6,229.9603476090118
M9_MT_OP50,7,95.79067298253831
M9_MT_OP50,7,139.58484296543264
M9_MT_OP50,7,175.52396661444192
M9_MT_OP50,8,96.57036800321762
M9_MT_OP50,8,166.99449742006632
M9_MT_OP50,8,115.64378518291355
M9_MT_OP50,8,214.5092460268965
M9_MT_OP50,8,285.18559705769474
M9_MT_OP50,8,202.56067002108986
M9_MT_OP50,8,300.59551016718353
M9_MT_OP50,9,308.0577783163566
M9_MT_OP50,9,184.0784048012373
M9_MT_OP50,9,231.89898241532424
M9_MT_OP50,9,237.6973261181169
M9_MT_OP50,11,220.23391312550652
M9_MT_OP50,11,206.7454920965199
M9_MT_OP50,11,234.71889253715443
M9_MT_OP50,11,109.99366218606917
M9_MT_OP50,11,123.92222739121708
M9_MT_OP50,13,168.46014248620307
M9_MT_OP50,13,189.68814146557514
M9_MT_OP50,13,222.37850764685362
M9_MT_OP50,13,239.1962630071736
M9_MT_OP50,13,239.17857054115433
M9_MT_OP50,13,216.09523832937094
M9_MT_OP50,13,221.95713424345095
M9_MT_OP50,13,236.468234627879
M9_MT_OP50,14,115.70325208883237
M9_MT_OP50,14,117.10353042582851
M9_MT_OP50,14,169.11481343479903
M9_MT_OP50,14,136.64180549942986
M9_MT_OP50,14,167.6780203896413
M9_MT_OP50,14,169.60046103384335
M9_MT_OP50,14,165.5917372455811
M9_MT_OP50,14,131.29295854640338
M9_MT_OP50,14,160.78186385290957
M9_MT_OP50,14,174.22977779384493
M9_MT_OP50,14,141.42762003387128
M9_MT_NGM,1,43.18169579955403
M9_MT_NGM,1,155.93569036601573
M9_MT_NGM,1,210.1960635793376
M9_MT_NGM,1,207.03070792622947
M9_MT_NGM,1,263.4918671364329
M9_MT_NGM,1,142.6654389322567
M9_MT_NGM,1,213.64732554434804
M9_MT_NGM,1,152.243620190459
M9_MT_NGM,1,123.66118389908058
M9_MT_NGM,1,129.55809494780854
M9_MT_NGM,1,202.6628667338478
M9_MT_NGM,2,179.97773857003637
M9_MT_NGM,2,171.15653553391033
M9_MT_NGM,2,187.91795849936528
M9_MT_NGM,2,267.15193194991497
M9_MT_NGM,2,168.62589764537069
M9_MT_NGM,2,154.39632212936633
M9_MT_NGM,2,158.26311313478863
M9_MT_NGM,2,164.76508749644398
M9_MT_NGM,2,159.6594792383257
M9_MT_NGM,2,130.01877606083463
M9_MT_NGM,2,97.37044822920248
M9_MT_NGM,3,155.3508460267734
M9_MT_NGM,3,143.22527251399688
M9_MT_NGM,4,283.19382117916746
M9_MT_NGM,4,275.3292207791882
M9_MT_NGM,4,184.66742113922928
M9_MT_NGM,4,102.49527484940225
M9_MT_NGM,4,204.37033827165106
M9_MT_NGM,5,108.4540878492887
M9_MT_NGM,5,202.91361631092659
M9_MT_NGM,5,212.81178659175112
M9_MT_NGM,5,200.0706637193606
M9_MT_NGM,5,214.24418525399005
M9_MT_NGM,6,196.58487414843884
M9_MT_NGM,6,188.46459419840744
M9_MT_NGM,6,169.57590111451213
M9_MT_NGM,6,143.8952236314617
M9_MT_NGM,6,144.49303474061995
M9_MT_NGM,6,126.52566464283079
M9_MT_NGM,6,91.69636758106633
M9_MT_NGM,6,130.35340561353217
M9_MT_NGM,7,26.329022545533235
M9_MT_NGM,7,25.9656233304617
M9_MT_NGM,7,41.269200597812755
M9_MT_NGM,7,53.455527534352846
M9_MT_NGM,7,77.30743800563991
M9_MT_NGM,7,60.856554895099904
M9_MT_NGM,7,107.02766661153078
M9_MT_NGM,7,75.20416078222607
M9_MT_NGM,7,74.35624593923565
M9_MT_NGM,7,93.05607890769542
M9_MT_NGM,7,103.48864416914236
M9_MT_NGM,8,105.12133803386448
M9_MT_NGM,8,140.6099227347548
M9_MT_NGM,8,201.88856088128279
M9_MT_NGM,8,140.4557438758123
M9_MT_NGM,8,188.35187620675
M9_MT_NGM,8,130.48065334972898
M9_MT_NGM,8,157.38324589157412
M9_MT_NGM,8,185.44522350378097
M9_MT_NGM,8,156.70092914471417
M9_MT_NGM,8,146.78014381323032
M9_MT_NGM,8,167.0265424608754
M9_MT_NGM,9,159.33614602968476
M9_MT_NGM,9,181.29797771784953
M9_MT_NGM,9,192.45663100056828
M9_MT_NGM,10,86.76226524178601
M9_MT_NGM,10,107.61735358647009
M9_MT_NGM,10,99.22052951919872
M9_MT_NGM,10,110.49667800220303
M9_MT_NGM,10,150.3837730175656
M9_MT_NGM,10,143.60556953470618
M9_MT_NGM,10,71.75785991570999
M9_MT_NGM,10,89.94123740308305
M9_MT_NGM,10,104.0099411781791
M9_MT_NGM,10,106.98310363966152
M9_MT_NGM,10,250.73060707790023
M9_MT_NGM,11,111.09065063575818
M9_MT_NGM,11,117.30510718977352
M9_MT_NGM,11,98.07174015398904
M9_MT_NGM,11,46.36451897108125
M9_MT_NGM,12,71.44468438240878
